tarih,min_trafik_indeksi,max_trafik_indeksi,ort_trafik_indeksi
2015-08-06,24,63,57.86
2015-08-07,2,49,23.77
2015-08-11,11,62,38.6
2015-08-12,1,63,29.72
2015-08-13,2,56,28.56
2015-08-14,2,69,32.3
2015-08-15,1,47,24.18
2015-08-16,1,29,10.59
2015-08-17,1,58,25.75
2015-08-18,1,65,31.43
2015-08-19,2,67,32.29
2015-08-20,2,67,32.03
2015-08-21,2,76,35.66
2015-08-22,1,54,28.1
2015-08-23,2,36,17.38
2015-08-24,1,63,29.53
2015-08-25,1,74,35.21
2015-08-26,1,74,35.19
2015-08-27,1,78,38.01
2015-08-28,1,78,36.83
2015-08-29,1,65,33.51
2015-08-30,1,36,16.85
2015-08-31,1,65,31.26
2015-09-01,2,72,37.26
2015-09-02,4,76,39.75
2015-09-03,4,72,39.97
2015-09-04,4,81,37.53
2015-09-05,1,62,31.45
2015-09-06,1,40,18.43
2015-09-07,1,65,32.06
2015-09-08,4,69,33.89
2015-09-09,2,67,36.64
2015-09-10,4,72,36.56
2015-09-11,2,81,38.44
2015-09-12,1,78,36.99
2015-09-13,1,47,20.32
2015-09-14,1,67,29.94
2015-09-15,1,71,33.82
2015-09-16,4,72,37.45
2015-09-17,1,81,39.05
2015-09-18,4,76,38.17
2015-09-19,1,53,26.0
2015-09-20,1,26,9.31
2015-09-21,1,51,21.45
2015-09-22,1,49,20.73
2015-09-23,1,29,7.73
2015-09-24,1,36,12.61
2015-09-25,1,60,22.67
2015-09-26,1,49,22.81
2015-09-27,1,31,11.84
2015-09-28,1,74,25.28
2015-09-29,2,78,39.94
2015-09-30,8,72,41.47
2015-10-01,1,65,29.06
2015-10-02,1,67,32.59
2015-10-03,1,60,29.17
2015-10-04,1,47,19.1
2015-10-05,1,65,26.55
2015-10-06,1,69,35.59
2015-10-07,1,69,31.77
2015-10-08,1,71,35.19
2015-10-09,1,72,31.13
2015-10-10,1,72,31.0
2015-10-11,1,67,23.5
2015-10-12,2,71,31.09
2015-10-13,4,72,36.37
2015-10-14,1,69,33.51
2015-10-15,1,72,33.33
2015-10-16,1,78,34.01
2015-10-17,1,69,32.17
2015-10-18,1,53,19.68
2015-10-19,1,65,29.99
2015-10-20,1,69,31.75
2015-10-21,1,74,37.99
2015-10-22,4,83,37.7
2015-10-23,4,90,42.07
2015-10-24,6,74,36.93
2015-10-25,1,44,20.31
2015-10-26,1,65,27.94
2015-10-27,1,72,34.37
2015-10-28,1,69,34.35
2015-10-29,1,35,13.06
2015-10-30,1,65,24.19
2015-10-31,1,58,25.19
2015-11-01,1,36,8.48
2015-11-02,1,72,29.39
2015-11-03,1,71,32.24
2015-11-04,1,74,34.46
2015-11-05,1,74,33.28
2015-11-06,1,72,30.67
2015-11-07,1,69,30.09
2015-11-08,1,51,16.54
2015-11-09,1,71,26.57
2015-11-10,1,72,29.8
2015-11-11,1,74,32.94
2015-11-12,1,72,33.28
2015-11-13,2,80,33.87
2015-11-14,1,78,32.59
2015-11-15,1,56,22.24
2015-11-16,1,65,25.49
2015-11-17,1,85,36.21
2015-11-18,1,74,31.58
2015-11-19,1,80,35.69
2015-11-20,4,80,35.24
2015-11-21,1,74,33.14
2015-11-22,1,56,21.52
2015-11-23,1,65,26.37
2015-11-24,1,71,30.29
2015-11-25,1,78,32.74
2015-11-26,2,81,41.41
2015-11-27,1,74,33.93
2015-11-28,4,69,35.51
2015-11-29,1,53,20.46
2015-11-30,1,72,29.83
2015-12-01,1,76,32.57
2015-12-02,2,74,34.01
2015-12-03,1,78,34.79
2015-12-04,1,85,35.9
2015-12-05,1,72,31.03
2015-12-06,1,54,17.97
2015-12-07,1,71,29.83
2015-12-08,1,76,34.44
2015-12-09,1,74,32.79
2015-12-10,1,76,34.68
2015-12-11,2,83,43.07
2015-12-12,2,63,26.77
2015-12-13,1,49,15.47
2015-12-14,1,76,30.22
2015-12-15,1,80,34.99
2015-12-16,1,81,37.26
2015-12-17,2,72,39.7
2015-12-18,2,72,33.03
2015-12-19,1,69,28.17
2015-12-20,1,51,16.32
2015-12-21,1,69,27.68
2015-12-22,1,81,35.07
2015-12-23,1,74,33.89
2015-12-24,2,81,37.77
2015-12-25,2,78,34.39
2015-12-26,1,63,27.68
2015-12-27,1,47,16.08
2015-12-28,1,69,30.77
2015-12-29,1,90,41.74
2015-12-30,6,81,43.51
2015-12-31,31,72,46.68
2016-01-01,8,54,24.18
2016-01-02,11,31,19.87
2016-01-03,2,42,14.5
2016-01-04,4,62,27.43
2016-01-05,9,71,31.25
2016-01-06,8,74,40.89
2016-01-07,2,89,40.62
2016-01-08,6,76,35.86
2016-01-09,2,71,32.63
2016-01-10,1,49,20.79
2016-01-11,6,72,35.13
2016-01-12,2,76,40.28
2016-01-13,8,76,38.23
2016-01-14,6,76,37.8
2016-01-15,2,76,34.15
2016-01-16,1,69,34.84
2016-01-17,1,65,28.0
2016-01-18,5,60,22.36
2016-01-19,3,28,12.17
2016-01-20,2,66,21.46
2016-01-21,1,68,20.82
2016-01-22,1,90,26.62
2016-01-23,4,58,28.29
2016-01-24,4,44,16.13
2016-01-25,1,71,30.12
2016-01-26,4,72,37.12
2016-01-27,4,81,36.65
2016-01-28,2,89,41.22
2016-01-29,2,85,39.72
2016-01-30,2,78,36.81
2016-01-31,1,63,27.74
2016-02-01,2,76,37.73
2016-02-02,2,89,40.88
2016-02-03,2,90,41.75
2016-02-04,4,83,40.91
2016-02-05,2,90,49.19
2016-02-06,13,63,34.35
2016-02-07,1,53,20.28
2016-02-08,1,67,30.31
2016-02-09,4,78,36.07
2016-02-10,4,76,35.23
2016-02-11,6,80,40.9
2016-02-12,6,89,40.82
2016-02-13,2,56,29.95
2016-02-14,2,54,23.65
2016-02-15,1,67,30.17
2016-02-16,2,80,36.4
2016-02-17,2,76,34.61
2016-02-18,4,76,37.85
2016-02-19,2,71,33.71
2016-02-20,2,58,28.71
2016-02-21,2,42,20.21
2016-02-22,1,71,31.29
2016-02-23,2,74,35.77
2016-02-24,2,83,39.68
2016-02-25,11,67,40.28
2016-02-26,4,72,36.45
2016-02-27,8,63,34.16
2016-02-28,1,44,18.73
2016-02-29,2,71,30.85
2016-03-01,1,72,34.05
2016-03-02,4,89,41.57
2016-03-03,9,74,41.86
2016-03-04,2,74,38.93
2016-03-05,8,56,30.25
2016-03-06,1,51,21.09
2016-03-07,1,72,31.66
2016-03-08,2,71,36.29
2016-03-09,4,71,36.44
2016-03-10,4,80,40.02
2016-03-11,6,80,40.62
2016-03-12,2,67,35.85
2016-03-13,1,51,20.19
2016-03-14,6,80,39.15
2016-03-15,6,90,38.47
2016-03-16,2,74,35.47
2016-03-17,4,71,36.23
2016-03-18,4,81,38.96
2016-03-19,4,60,27.81
2016-03-20,1,26,9.06
2016-03-21,1,67,23.77
2016-04-08,58,62,59.43
2016-04-09,31,31,31.0
2016-04-10,38,58,50.36
2016-04-11,2,67,35.98
2016-04-12,2,74,38.76
2016-04-13,4,90,36.8
2016-04-14,2,69,37.87
2016-04-15,2,74,38.42
2016-04-16,2,69,36.5
2016-04-17,1,58,26.56
2016-04-18,1,65,32.09
2016-04-19,2,67,37.11
2016-04-20,4,78,40.02
2016-04-21,8,72,39.31
2016-04-22,4,80,41.9
2016-04-23,1,53,25.85
2016-04-24,1,60,26.66
2016-04-25,2,69,32.49
2016-04-26,2,74,38.57
2016-04-27,2,69,38.85
2016-04-28,2,76,40.19
2016-04-29,2,76,38.31
2016-04-30,4,78,41.41
2016-05-01,1,42,14.04
2016-05-02,1,58,29.58
2016-05-03,4,67,37.23
2016-05-04,4,65,36.73
2016-05-05,1,78,38.8
2016-05-06,4,83,42.25
2016-05-07,2,74,38.79
2016-05-08,1,76,34.14
2016-05-09,1,62,33.4
2016-05-10,2,67,37.49
2016-05-11,2,72,37.04
2016-05-12,2,72,40.48
2016-05-13,2,78,41.36
2016-05-14,2,72,38.93
2016-05-15,1,65,31.2
2016-05-16,1,63,35.03
2016-05-17,4,72,39.3
2016-05-18,2,81,42.05
2016-05-19,1,33,18.78
2016-05-20,1,62,28.7
2016-05-21,1,56,29.27
2016-05-22,1,47,21.6
2016-05-23,1,63,30.01
2016-05-24,4,71,38.64
2016-05-25,4,72,39.39
2016-05-26,6,67,38.21
2016-05-27,2,87,47.35
2016-05-28,2,74,40.17
2016-05-29,1,54,28.91
2016-05-30,2,72,41.52
2016-05-31,2,76,41.12
2016-06-01,4,71,38.89
2016-06-02,4,74,42.16
2016-06-03,2,90,43.95
2016-06-04,2,81,40.35
2016-06-05,1,45,21.07
2016-06-06,1,65,29.28
2016-06-07,1,72,35.74
2016-06-08,1,67,30.71
2016-06-09,1,65,29.96
2016-06-10,1,76,32.68
2016-06-11,1,49,23.24
2016-06-12,1,35,10.48
2016-06-13,1,60,28.76
2016-06-14,1,87,39.59
2016-06-15,2,72,33.86
2016-06-16,1,72,35.52
2016-06-17,1,78,36.17
2016-06-18,1,62,26.52
2016-06-19,1,47,15.05
2016-06-20,2,72,34.49
2016-06-21,1,69,35.2
2016-06-22,1,69,34.07
2016-06-23,1,72,34.19
2016-06-24,1,80,37.6
2016-06-25,2,54,27.76
2016-06-26,1,45,15.18
2016-06-27,4,65,34.21
2016-06-28,2,74,39.23
2016-06-29,2,74,38.11
2016-06-30,2,90,46.12
2016-07-01,9,71,33.28
2016-07-02,4,44,23.44
2016-07-03,1,29,8.92
2016-07-04,1,20,6.71
2016-07-05,1,47,19.73
2016-07-06,1,33,12.56
2016-07-07,1,18,7.42
2016-07-08,1,18,7.18
2016-07-09,1,17,7.59
2016-07-10,1,15,6.22
2016-07-11,1,49,19.9
2016-07-12,1,58,27.54
2016-07-13,1,63,31.43
2016-07-14,1,65,33.03
2016-07-15,2,72,35.7
2016-07-16,8,42,22.57
2016-07-17,1,36,15.79
2016-07-18,2,69,37.95
2016-07-19,2,65,33.61
2016-07-20,2,65,33.59
2016-07-21,1,63,32.66
2016-07-22,1,76,35.79
2016-07-23,1,60,27.81
2016-07-24,1,31,14.13
2016-07-25,1,62,29.08
2016-07-26,2,63,30.79
2016-07-27,4,74,33.55
2016-07-28,4,65,34.95
2016-07-29,2,72,36.31
2016-07-30,2,60,30.38
2016-07-31,1,38,16.19
2016-08-01,4,65,32.91
2016-08-02,2,72,32.22
2016-08-03,1,90,34.64
2016-08-04,1,71,36.33
2016-08-05,4,78,37.32
2016-08-06,1,63,29.02
2016-08-07,1,38,12.59
2016-08-08,1,62,28.33
2016-08-09,1,62,29.48
2016-08-10,1,62,31.92
2016-08-11,2,71,35.0
2016-08-12,4,78,38.29
2016-08-13,6,63,31.08
2016-08-14,1,36,16.49
2016-08-15,1,62,31.47
2016-08-16,1,63,30.06
2016-08-17,1,90,41.86
2016-08-18,2,72,38.15
2016-08-19,1,69,35.65
2016-08-20,4,60,32.46
2016-08-21,1,40,19.24
2016-08-22,1,56,30.92
2016-08-23,2,67,35.01
2016-08-24,4,69,37.1
2016-08-25,9,72,42.06
2016-08-26,2,76,37.83
2016-08-27,2,53,26.39
2016-08-28,1,38,18.16
2016-08-29,1,56,26.6
2016-08-30,1,36,15.87
2016-08-31,1,80,28.53
2016-09-01,1,65,31.69
2016-09-02,2,78,35.16
2016-09-03,1,58,28.36
2016-09-04,1,42,20.65
2016-09-05,1,65,32.4
2016-09-06,1,71,30.91
2016-09-07,1,69,29.95
2016-09-08,1,71,36.85
2016-09-09,1,69,32.06
2016-09-10,1,40,16.35
2016-09-11,1,13,4.68
2016-09-12,1,33,11.15
2016-09-13,1,47,18.48
2016-09-14,1,36,14.95
2016-09-15,1,26,9.81
2016-09-16,1,26,8.51
2016-09-17,1,24,10.54
2016-09-18,1,22,9.33
2016-09-19,1,60,20.6
2016-09-20,1,74,32.45
2016-09-21,2,72,34.8
2016-09-22,1,74,33.13
2016-09-23,2,76,36.89
2016-09-24,1,69,29.88
2016-09-25,1,53,24.62
2016-09-26,4,65,30.26
2016-09-27,1,65,28.64
2016-09-28,1,63,26.47
2016-09-29,1,76,27.95
2016-09-30,1,69,31.31
2016-10-01,1,63,29.94
2016-10-02,1,53,23.19
2016-10-03,1,65,25.45
2016-10-04,1,60,27.36
2016-10-05,1,62,29.45
2016-10-06,1,67,28.4
2016-10-07,1,71,28.83
2016-10-08,1,62,29.12
2016-10-09,1,49,20.5
2016-10-10,1,65,24.46
2016-10-11,1,80,27.92
2016-10-12,1,65,26.3
2016-10-13,1,72,30.97
2016-10-14,1,72,31.34
2016-10-15,1,62,28.96
2016-10-16,1,53,21.26
2016-10-17,2,72,31.37
2016-10-18,2,71,31.22
2016-10-19,1,67,27.45
2016-10-20,1,67,27.64
2016-10-21,1,71,30.9
2016-10-22,1,65,29.52
2016-10-23,1,49,22.15
2016-10-24,1,63,24.42
2016-10-25,1,62,26.48
2016-10-26,1,69,28.42
2016-10-27,1,72,32.46
2016-10-28,1,60,32.47
2016-10-29,1,44,18.8
2016-10-30,1,51,19.9
2016-10-31,1,65,24.68
2016-11-01,1,74,27.39
2016-11-02,1,69,28.3
2016-11-03,1,71,28.76
2016-11-04,1,72,34.37
2016-11-05,1,56,25.67
2016-11-06,1,47,16.94
2016-11-07,1,60,23.31
2016-11-08,1,69,26.49
2016-11-09,1,65,25.26
2016-11-10,1,74,32.12
2016-11-11,1,74,30.82
2016-11-12,1,63,27.85
2016-11-13,1,53,22.16
2016-11-14,1,67,25.34
2016-11-15,1,69,29.5
2016-11-16,1,69,26.8
2016-11-17,1,81,31.17
2016-11-18,1,69,28.56
2016-11-19,1,62,26.14
2016-11-20,1,45,17.12
2016-11-21,1,65,24.77
2016-11-22,1,67,27.04
2016-11-23,1,72,27.5
2016-11-24,1,72,29.28
2016-11-25,1,69,27.28
2016-11-26,1,60,23.78
2016-11-27,1,51,18.94
2016-11-28,2,81,39.58
2016-11-29,6,80,41.98
2016-11-30,2,67,31.55
2016-12-01,1,71,25.89
2016-12-02,1,78,31.76
2016-12-03,1,62,26.05
2016-12-04,1,49,18.49
2016-12-05,1,69,26.45
2016-12-06,1,80,34.72
2016-12-07,1,78,31.77
2016-12-08,1,80,30.21
2016-12-09,1,76,30.68
2016-12-10,1,65,28.57
2016-12-11,1,47,19.37
2016-12-12,1,78,31.41
2016-12-13,9,81,38.0
2016-12-14,2,63,29.26
2016-12-15,1,74,32.87
2016-12-16,8,87,35.94
2016-12-17,11,45,24.79
2016-12-18,1,44,17.83
2016-12-19,2,63,25.86
2016-12-20,4,81,32.88
2016-12-21,9,78,36.98
2016-12-22,8,78,35.04
2016-12-23,9,72,37.79
2016-12-24,9,56,29.59
2016-12-25,1,42,17.06
2016-12-26,2,72,30.02
2016-12-27,1,74,32.06
2016-12-28,4,67,30.25
2016-12-29,9,83,43.39
2016-12-30,15,69,36.86
2016-12-31,9,51,23.66
2017-01-01,4,24,12.77
2017-01-02,1,58,21.8
2017-01-03,2,62,23.68
2017-01-04,1,67,26.37
2017-01-05,1,76,35.1
2017-01-06,2,90,36.37
2017-01-07,5,69,21.85
2017-01-08,2,24,7.5
2017-01-09,15,60,40.14
2017-01-10,7,38,22.61
2017-01-11,8,50,26.86
2017-01-12,5,50,28.33
2017-01-13,11,70,34.51
2017-01-14,9,54,30.17
2017-01-15,4,47,24.77
2017-01-16,8,64,35.2
2017-01-17,15,64,36.7
2017-01-18,13,69,37.74
2017-01-19,13,69,35.14
2017-01-20,15,69,38.15
2017-01-21,11,49,27.64
2017-01-22,8,42,22.67
2017-01-23,11,56,29.4
2017-01-24,9,59,30.41
2017-01-25,9,65,35.91
2017-01-26,9,59,28.28
2017-01-27,9,49,25.64
2017-01-28,6,53,28.55
2017-01-29,4,42,22.21
2017-01-30,9,57,30.45
2017-01-31,8,63,28.87
2017-02-01,1,65,26.05
2017-02-02,1,64,28.84
2017-02-03,1,64,28.34
2017-02-04,1,49,24.95
2017-02-05,4,47,22.07
2017-02-06,1,51,22.3
2017-02-07,1,53,23.97
2017-02-08,1,59,26.34
2017-02-09,4,64,32.38
2017-02-10,4,56,25.7
2017-02-11,1,42,20.06
2017-02-12,1,45,18.84
2017-02-13,1,57,25.64
2017-02-14,2,56,27.93
2017-02-15,1,53,23.52
2017-02-16,2,56,28.16
2017-02-17,1,63,27.22
2017-02-18,1,45,21.92
2017-02-19,1,38,16.58
2017-02-20,2,63,28.56
2017-02-21,1,56,26.07
2017-02-22,1,54,25.0
2017-02-23,1,59,27.28
2017-02-24,1,61,28.22
2017-02-25,1,11,5.15
2017-03-07,4,63,36.86
2017-03-08,1,59,28.97
2017-03-09,1,71,31.46
2017-03-10,1,57,26.95
2017-03-11,1,51,25.67
2017-03-12,6,47,21.91
2017-03-13,1,57,28.18
2017-03-14,2,64,32.46
2017-03-15,2,49,23.37
2017-03-16,1,51,26.17
2017-03-17,1,63,30.6
2017-03-18,1,45,22.24
2017-03-19,1,49,15.97
2017-03-20,1,49,21.67
2017-03-21,1,51,25.68
2017-03-22,1,63,28.56
2017-03-23,1,57,26.86
2017-03-24,1,59,27.35
2017-03-25,1,49,25.67
2017-03-26,1,49,20.51
2017-03-27,1,56,23.98
2017-03-28,1,56,25.77
2017-03-29,1,57,25.85
2017-03-30,1,59,27.65
2017-03-31,1,54,26.21
2017-04-01,1,51,24.83
2017-04-02,1,47,20.18
2017-04-03,1,51,22.86
2017-04-04,1,53,24.76
2017-04-05,1,56,25.36
2017-04-06,1,56,27.48
2017-04-07,1,63,29.68
2017-04-08,1,65,33.02
2017-04-09,1,54,25.46
2017-04-10,1,56,23.15
2017-04-11,1,59,28.17
2017-04-12,1,56,27.48
2017-04-13,1,61,28.67
2017-04-14,1,64,29.42
2017-04-15,1,49,25.71
2017-04-16,1,47,15.11
2017-04-17,1,71,31.61
2017-04-18,2,59,29.02
2017-04-19,1,56,25.96
2017-04-20,1,69,29.47
2017-04-21,1,56,24.51
2017-04-22,1,53,26.5
2017-04-23,1,47,18.03
2017-04-24,4,51,24.18
2017-04-25,1,54,26.76
2017-04-26,1,57,27.5
2017-04-27,1,45,22.04
2017-04-28,22,61,43.8
2017-04-29,1,51,29.9
2017-04-30,1,49,26.13
2017-05-01,1,29,11.49
2017-05-02,1,51,26.25
2017-05-03,1,56,27.53
2017-05-04,1,61,30.56
2017-05-05,1,61,29.11
2017-05-06,1,57,28.78
2017-05-07,1,49,23.76
2017-05-08,1,53,24.84
2017-05-09,1,56,26.56
2017-05-10,1,56,27.65
2017-05-11,1,59,28.87
2017-05-12,1,64,29.76
2017-05-13,1,57,29.03
2017-05-14,1,49,27.55
2017-05-15,1,53,26.29
2017-05-16,1,56,25.8
2017-05-17,1,67,29.44
2017-05-18,1,67,31.41
2017-05-19,1,36,16.79
2017-05-20,1,49,22.26
2017-05-21,1,44,21.28
2017-05-22,1,54,23.26
2017-05-23,1,59,28.13
2017-05-24,1,57,28.35
2017-05-25,1,64,30.66
2017-05-26,1,59,30.17
2017-05-27,1,36,13.8
2017-05-28,1,20,6.33
2017-05-29,1,53,20.41
2017-05-30,1,53,25.33
2017-05-31,1,54,22.25
2017-06-01,1,54,24.61
2017-06-02,1,61,25.6
2017-06-03,1,47,19.5
2017-06-04,1,36,11.36
2017-06-05,1,53,23.39
2017-06-06,1,54,22.32
2017-06-07,1,56,24.13
2017-06-08,1,57,27.86
2017-06-09,1,67,28.88
2017-06-10,1,49,18.91
2017-06-11,1,45,12.32
2017-06-12,1,59,28.57
2017-06-13,1,61,26.99
2017-06-14,1,61,27.38
2017-06-15,1,57,27.32
2017-06-16,1,67,28.77
2017-06-17,1,57,25.18
2017-06-18,1,49,17.35
2017-06-19,2,57,30.3
2017-06-20,1,56,26.16
2017-06-21,1,59,26.81
2017-06-22,1,61,28.27
2017-06-23,1,54,25.55
2017-06-24,1,27,9.92
2017-06-25,1,51,25.27
2017-06-26,1,45,19.98
2017-06-27,1,29,12.34
2017-06-28,1,36,11.99
2017-06-29,1,44,15.32
2017-06-30,1,49,19.44
2017-07-01,1,33,16.57
2017-07-02,1,29,11.72
2017-07-03,1,54,25.59
2017-07-04,1,61,29.78
2017-07-05,13,59,33.15
2017-07-06,13,63,34.82
2017-07-07,11,63,35.64
2017-07-08,13,49,29.51
2017-07-09,11,35,22.64
2017-07-10,13,53,27.78
2017-07-11,1,54,26.32
2017-07-12,1,53,27.32
2017-07-13,1,56,27.43
2017-07-14,1,57,31.51
2017-07-15,1,36,20.14
2017-07-16,1,35,18.59
2017-07-17,1,51,24.49
2017-07-18,1,71,27.33
2017-07-19,1,57,25.93
2017-07-20,1,54,27.01
2017-07-21,1,59,28.98
2017-07-22,1,49,24.71
2017-07-23,1,35,17.06
2017-07-24,1,49,24.57
2017-07-25,1,53,26.17
2017-07-26,1,54,25.29
2017-07-27,1,82,28.88
2017-07-28,1,54,24.6
2017-07-29,1,44,22.49
2017-07-30,1,29,14.93
2017-07-31,1,49,25.42
2017-08-01,1,54,27.8
2017-08-02,1,56,25.96
2017-08-03,1,54,27.01
2017-08-04,1,59,26.98
2017-08-05,1,44,22.12
2017-08-06,1,27,13.55
2017-08-07,1,51,23.95
2017-08-08,1,53,25.97
2017-08-09,2,54,28.36
2017-08-10,1,54,25.78
2017-08-11,1,54,26.12
2017-08-12,1,44,22.57
2017-08-13,1,29,14.81
2017-08-14,1,54,25.74
2017-08-15,2,59,31.69
2017-08-16,1,56,29.74
2017-08-17,1,57,29.55
2017-08-18,2,57,34.37
2017-08-19,1,45,23.86
2017-08-20,1,31,15.53
2017-08-21,1,54,24.6
2017-08-22,1,59,25.2
2017-08-23,1,53,26.68
2017-08-24,1,56,26.82
2017-08-25,2,51,27.44
2017-08-26,1,38,19.09
2017-08-27,1,18,9.12
2017-08-28,1,40,15.35
2017-08-29,1,49,16.46
2017-08-30,1,15,6.76
2017-08-31,1,17,5.97
2017-09-01,1,29,9.57
2017-09-02,1,38,15.74
2017-09-03,1,36,14.9
2017-09-04,1,24,9.5
2017-09-05,1,44,15.62
2017-09-06,1,49,21.97
2017-09-07,1,54,25.81
2017-09-08,1,61,28.06
2017-09-09,1,49,25.39
2017-09-10,1,42,19.28
2017-09-11,1,56,27.04
2017-09-12,1,59,30.12
2017-09-13,1,61,30.53
2017-09-14,1,63,30.16
2017-09-15,1,64,30.25
2017-09-16,1,57,29.72
2017-09-17,1,47,24.62
2017-09-18,1,51,24.88
2017-09-19,1,56,27.26
2017-09-20,1,63,27.9
2017-09-21,1,56,27.51
2017-09-22,1,61,30.1
2017-09-23,1,57,27.07
2017-09-24,1,49,22.91
2017-09-25,1,51,26.53
2017-09-26,1,56,25.62
2017-09-27,1,63,27.8
2017-09-28,1,56,25.81
2017-09-29,1,64,27.76
2017-09-30,1,63,28.45
2017-10-01,1,53,23.82
2017-10-02,1,59,24.49
2017-10-03,1,59,26.02
2017-10-04,1,59,27.1
2017-10-05,1,64,28.64
2017-10-06,1,63,28.52
2017-10-07,1,56,26.31
2017-10-08,1,45,20.74
2017-10-09,1,53,23.35
2017-10-10,1,59,26.65
2017-10-11,1,61,27.72
2017-10-12,1,63,28.55
2017-10-13,1,67,29.84
2017-10-14,1,54,27.98
2017-10-15,1,53,22.74
2017-10-16,1,57,25.66
2017-10-17,1,61,27.41
2017-10-18,1,61,26.75
2017-10-19,1,59,26.59
2017-10-20,1,59,24.84
2017-10-21,1,53,25.38
2017-10-22,1,49,18.21
2017-10-23,1,53,21.41
2017-10-24,1,53,25.72
2017-10-25,1,72,29.54
2017-10-26,1,57,27.09
2017-10-27,1,63,26.9
2017-10-28,1,51,24.67
2017-10-29,1,45,18.04
2017-10-30,1,57,23.98
2017-10-31,1,59,24.8
2017-11-01,1,64,25.56
2017-11-02,1,59,25.55
2017-11-03,1,61,24.81
2017-11-04,4,59,27.15
2017-11-05,1,47,16.41
2017-11-06,1,49,19.84
2017-11-07,1,57,24.87
2017-11-08,1,57,24.13
2017-11-09,1,61,25.34
2017-11-10,1,65,25.97
2017-11-11,1,57,23.82
2017-11-12,1,64,27.31
2017-11-13,1,54,20.56
2017-11-14,1,57,23.67
2017-11-15,1,61,23.29
2017-11-16,1,57,24.28
2017-11-17,1,61,24.51
2017-11-18,1,54,21.86
2017-11-19,1,44,18.65
2017-11-20,1,69,30.01
2017-11-21,1,56,25.85
2017-11-22,1,67,27.62
2017-11-23,1,57,24.45
2017-11-24,1,65,26.57
2017-11-25,1,59,26.01
2017-11-26,1,47,15.67
2017-11-27,1,67,26.33
2017-11-28,1,61,23.96
2017-11-29,1,63,27.92
2017-11-30,1,63,25.7
2017-12-01,1,61,26.7
2017-12-02,1,57,23.88
2017-12-03,1,49,18.66
2017-12-04,1,56,26.89
2017-12-05,1,61,27.75
2017-12-06,1,63,27.44
2017-12-07,1,57,22.87
2017-12-08,1,69,28.57
2017-12-09,1,56,21.7
2017-12-10,1,38,14.95
2017-12-11,1,61,25.04
2017-12-12,1,64,26.11
2017-12-13,1,67,27.0
2017-12-14,1,61,25.39
2017-12-15,1,65,27.49
2017-12-16,1,56,25.74
2017-12-17,1,53,21.19
2017-12-18,1,63,24.22
2017-12-19,2,64,31.41
2017-12-20,1,65,29.84
2017-12-21,1,73,31.15
2017-12-22,1,73,31.96
2017-12-23,9,49,35.14
2017-12-24,1,44,13.4
2017-12-25,1,57,23.11
2017-12-26,1,65,28.36
2017-12-27,1,65,27.56
2017-12-28,1,64,27.56
2017-12-29,1,79,31.98
2017-12-30,1,64,24.32
2017-12-31,1,24,7.76
2018-01-01,1,44,11.79
2018-01-02,1,51,17.81
2018-01-03,1,57,25.46
2018-01-04,1,57,23.64
2018-01-05,1,61,26.43
2018-01-06,1,49,21.48
2018-01-07,1,40,14.65
2018-01-08,1,54,21.56
2018-01-09,1,64,25.98
2018-01-10,1,61,25.07
2018-01-11,1,71,29.71
2018-01-12,1,69,27.77
2018-01-13,1,49,24.99
2018-01-14,1,36,14.12
2018-01-15,1,54,20.66
2018-01-16,1,61,27.75
2018-01-17,1,67,28.76
2018-01-18,1,61,31.23
2018-01-19,1,67,27.8
2018-01-20,1,53,25.3
2018-01-21,1,51,20.35
2018-01-22,1,75,33.37
2018-01-23,1,59,28.47
2018-01-24,1,76,31.85
2018-01-25,1,71,29.61
2018-01-26,1,76,30.08
2018-01-27,1,62,25.7
2018-01-28,1,58,21.03
2018-01-29,1,67,25.45
2018-01-30,1,72,29.02
2018-01-31,1,74,30.05
2018-02-01,1,74,30.69
2018-02-02,1,74,28.67
2018-02-03,1,56,24.81
2018-02-04,1,62,21.74
2018-02-05,1,62,23.71
2018-02-06,1,63,25.7
2018-02-07,1,69,26.14
2018-02-08,1,69,30.62
2018-02-09,1,63,27.41
2018-02-10,1,62,25.69
2018-02-11,1,56,20.2
2018-02-12,1,65,23.65
2018-02-13,1,65,25.08
2018-02-14,1,80,31.08
2018-02-15,1,62,26.24
2018-02-16,1,74,31.85
2018-02-17,2,45,23.28
2018-02-18,1,45,16.49
2018-02-19,1,58,23.16
2018-02-20,2,62,28.36
2018-02-21,1,63,25.72
2018-02-22,1,58,25.24
2018-02-23,1,69,29.02
2018-02-24,1,47,22.66
2018-02-25,8,47,21.13
2018-02-26,1,63,25.97
2018-02-27,2,69,31.46
2018-02-28,1,71,28.25
2018-03-01,4,62,27.73
2018-03-02,1,65,27.66
2018-03-03,6,60,24.3
2018-03-04,4,47,19.47
2018-03-05,1,58,23.85
2018-03-06,4,60,31.07
2018-03-07,1,63,27.78
2018-03-08,1,71,34.1
2018-03-09,2,63,28.54
2018-03-10,1,53,26.49
2018-03-11,1,47,20.53
2018-03-12,1,58,25.48
2018-03-13,1,62,29.49
2018-03-14,1,62,28.24
2018-03-15,1,65,30.12
2018-03-16,1,63,30.15
2018-03-17,1,51,24.02
2018-03-18,1,40,18.47
2018-03-19,4,62,25.54
2018-03-20,1,63,28.64
2018-03-21,1,62,26.77
2018-03-22,1,69,33.95
2018-03-23,1,60,29.06
2018-03-24,1,51,26.59
2018-03-25,1,45,19.8
2018-03-26,1,54,22.1
2018-03-27,2,71,31.84
2018-03-28,2,63,27.51
2018-03-29,6,58,30.79
2018-03-30,1,67,29.62
2018-03-31,1,49,24.33
2018-04-01,1,49,20.98
2018-04-02,2,62,28.54
2018-04-03,2,60,28.38
2018-04-04,1,60,28.63
2018-04-05,1,63,28.94
2018-04-06,1,67,30.9
2018-04-07,1,54,27.42
2018-04-08,1,49,22.49
2018-04-09,1,60,26.38
2018-04-10,1,58,28.26
2018-04-11,1,63,28.55
2018-04-12,1,62,28.65
2018-04-13,1,69,31.82
2018-04-14,1,54,28.06
2018-04-15,1,53,24.09
2018-04-16,1,56,25.41
2018-04-17,1,62,27.79
2018-04-18,1,60,27.98
2018-04-19,1,62,28.69
2018-04-20,1,71,36.29
2018-04-21,1,54,28.4
2018-04-22,1,45,23.64
2018-04-23,1,38,17.36
2018-04-24,1,58,24.62
2018-04-25,1,58,26.3
2018-04-26,1,60,28.44
2018-04-27,1,67,30.6
2018-04-28,1,54,28.02
2018-04-29,1,44,20.63
2018-04-30,1,54,23.49
2018-05-01,1,24,12.19
2018-05-02,1,67,27.75
2018-05-03,1,63,29.2
2018-05-04,1,67,31.81
2018-05-05,1,56,27.23
2018-05-06,1,51,23.13
2018-05-07,1,62,30.91
2018-05-08,1,56,25.32
2018-05-09,2,58,30.73
2018-05-10,6,63,31.35
2018-05-11,1,72,32.73
2018-05-12,2,62,32.86
2018-05-13,1,53,27.1
2018-05-14,1,60,27.5
2018-05-15,1,63,29.13
2018-05-16,1,54,21.11
2018-05-17,1,51,20.94
2018-05-18,1,69,30.74
2018-05-19,1,29,13.51
2018-05-20,1,27,8.18
2018-05-21,1,53,20.66
2018-05-22,1,62,23.45
2018-05-23,1,54,20.82
2018-05-24,1,56,22.11
2018-05-25,1,62,25.13
2018-05-26,1,40,18.12
2018-05-27,1,33,10.93
2018-05-28,1,56,20.97
2018-05-29,1,56,23.65
2018-05-30,1,58,22.59
2018-05-31,1,60,23.49
2018-06-01,1,63,25.23
2018-06-02,1,51,20.25
2018-06-03,1,45,12.32
2018-06-04,1,56,23.58
2018-06-05,1,60,25.16
2018-06-06,1,60,24.78
2018-06-07,1,62,25.83
2018-06-08,1,67,27.71
2018-06-09,1,42,19.78
2018-06-10,1,40,10.34
2018-06-11,1,58,24.02
2018-06-12,1,58,24.61
2018-06-13,1,65,29.16
2018-06-14,1,47,14.9
2018-06-15,1,58,24.95
2018-06-16,1,62,26.3
2018-06-17,1,56,20.44
2018-06-18,1,49,17.57
2018-06-19,1,51,23.49
2018-06-20,1,58,23.91
2018-06-21,1,60,26.12
2018-06-22,1,63,27.52
2018-06-23,1,49,24.19
2018-06-24,1,36,10.61
2018-06-25,1,63,25.11
2018-06-26,1,47,21.68
2018-06-27,1,58,26.21
2018-06-28,1,65,31.1
2018-06-29,2,67,30.39
2018-06-30,1,54,25.59
2018-07-01,1,40,18.78
2018-07-02,1,60,27.03
2018-07-03,1,60,27.33
2018-07-04,1,62,27.87
2018-07-05,1,63,27.87
2018-07-06,1,65,30.11
2018-07-07,1,42,23.02
2018-07-08,1,35,15.68
2018-07-09,1,51,23.68
2018-07-10,1,53,23.37
2018-07-11,1,53,23.47
2018-07-12,1,54,23.81
2018-07-13,1,60,26.4
2018-07-14,1,42,22.07
2018-07-15,1,35,14.74
2018-07-16,1,51,25.07
2018-07-17,1,54,23.42
2018-07-18,1,56,24.73
2018-07-19,1,53,22.41
2018-07-20,1,54,24.28
2018-07-21,1,44,19.87
2018-07-22,1,27,12.69
2018-07-23,1,51,22.61
2018-07-24,4,56,28.61
2018-07-25,1,53,23.73
2018-07-26,1,54,24.5
2018-07-27,1,71,27.31
2018-07-28,1,36,17.77
2018-07-29,1,27,12.34
2018-07-30,1,56,23.24
2018-07-31,1,54,23.07
2018-08-01,1,58,25.37
2018-08-02,1,56,25.52
2018-08-03,1,62,27.08
2018-08-04,1,38,20.76
2018-08-05,1,27,13.61
2018-08-06,1,54,23.61
2018-08-07,1,54,24.37
2018-08-08,1,60,26.08
2018-08-09,1,60,26.48
2018-08-10,1,60,27.47
2018-08-11,1,35,19.21
2018-08-12,1,27,12.44
2018-08-13,1,47,21.44
2018-08-14,1,56,24.16
2018-08-15,1,56,25.81
2018-08-16,1,58,26.02
2018-08-17,1,49,26.04
2018-08-18,1,27,15.98
2018-08-19,1,17,5.98
2018-08-20,1,13,4.34
2018-08-21,1,22,7.13
2018-08-22,1,27,10.84
2018-08-23,1,20,7.99
2018-08-24,1,17,6.83
2018-08-25,1,17,6.75
2018-08-26,1,15,5.97
2018-08-27,1,42,15.35
2018-08-28,1,47,19.65
2018-08-29,1,53,22.59
2018-08-30,1,24,12.7
2018-08-31,1,53,22.69
2018-09-01,1,44,19.9
2018-09-02,1,35,15.41
2018-09-03,1,58,25.13
2018-09-04,1,62,27.78
2018-09-05,1,67,30.03
2018-09-06,1,60,28.19
2018-09-07,1,49,21.94
2018-09-08,11,60,37.45
2018-09-09,1,40,17.9
2018-09-10,1,56,24.31
2018-09-11,1,54,25.52
2018-09-12,1,60,25.25
2018-09-13,1,72,28.81
2018-09-14,9,65,34.56
2018-09-15,1,54,24.83
2018-09-16,1,44,18.41
2018-09-17,1,51,21.26
2018-09-18,1,56,23.28
2018-09-19,1,58,23.56
2018-09-20,1,58,24.95
2018-09-21,1,60,25.45
2018-09-22,24,53,39.61
2018-09-23,1,47,19.36
2018-09-24,1,58,23.39
2018-09-25,2,65,31.69
2018-09-26,1,72,32.36
2018-09-27,2,60,28.7
2018-09-28,1,58,25.93
2018-09-29,1,53,23.38
2018-09-30,1,36,17.01
2018-10-01,2,56,25.45
2018-10-02,1,58,26.57
2018-10-03,1,58,23.57
2018-10-04,1,58,27.99
2018-10-05,1,65,27.63
2018-10-06,1,56,23.98
2018-10-07,1,49,19.78
2018-10-08,1,56,21.72
2018-10-09,1,56,23.51
2018-10-10,1,63,24.78
2018-10-11,1,67,29.07
2018-10-12,1,65,26.13
2018-10-13,1,51,23.64
2018-10-14,1,47,18.22
2018-10-15,1,58,23.13
2018-10-16,1,60,25.41
2018-10-17,2,62,26.86
2018-10-18,1,65,28.17
2018-10-19,1,63,24.98
2018-10-20,1,53,23.34
2018-10-21,1,44,16.8
2018-10-22,1,56,22.23
2018-10-23,1,56,23.21
2018-10-24,1,60,23.8
2018-10-25,2,65,31.3
2018-10-26,1,71,28.78
2018-10-27,1,54,25.05
2018-10-28,1,47,17.77
2018-10-29,1,36,14.4
2018-10-30,1,58,22.94
2018-10-31,1,58,24.22
2018-11-01,1,65,26.18
2018-11-02,1,71,26.58
2018-11-03,1,56,22.77
2018-11-04,1,47,16.53
2018-11-05,1,60,23.61
2018-11-06,1,60,26.28
2018-11-07,1,60,25.28
2018-11-08,1,65,27.38
2018-11-09,1,67,29.02
2018-11-10,1,53,24.69
2018-11-11,1,63,28.9
2018-11-12,1,60,23.48
2018-11-13,2,62,28.76
2018-11-14,2,65,28.59
2018-11-15,1,80,37.57
2018-11-16,9,74,35.1
2018-11-17,1,56,25.01
2018-11-18,1,51,22.35
2018-11-19,1,76,33.15
2018-11-20,1,65,25.48
2018-11-21,1,63,26.19
2018-11-22,2,72,33.21
2018-11-23,1,90,29.4
2018-11-24,2,53,23.76
2018-11-25,1,40,13.93
2018-11-26,1,72,27.21
2018-11-27,1,62,26.49
2018-11-28,1,76,37.14
2018-11-29,13,76,40.49
2018-11-30,11,78,38.92
2018-12-01,1,51,22.08
2018-12-02,1,36,14.1
2018-12-03,1,63,23.9
2018-12-04,1,62,25.36
2018-12-05,2,71,35.03
2018-12-06,4,71,38.79
2018-12-07,1,71,28.39
2018-12-08,1,58,24.54
2018-12-09,1,44,15.51
2018-12-10,1,74,30.98
2018-12-11,1,65,29.71
2018-12-12,1,60,29.02
2018-12-13,1,63,26.5
2018-12-14,1,65,25.67
2018-12-15,1,51,22.16
2018-12-16,1,40,14.9
2018-12-17,1,65,26.55
2018-12-18,1,80,36.71
2018-12-19,9,71,37.23
2018-12-20,4,60,25.98
2018-12-21,1,69,27.08
2018-12-22,1,51,22.5
2018-12-23,1,44,16.44
2018-12-24,1,65,27.37
2018-12-25,8,71,36.29
2018-12-26,1,60,28.13
2018-12-27,2,63,27.5
2018-12-28,1,72,29.67
2018-12-29,1,63,30.24
2018-12-30,1,35,14.78
2018-12-31,1,56,17.98
2019-01-01,1,31,10.77
2019-01-02,1,58,24.27
2019-01-03,1,69,30.23
2019-01-04,8,60,28.06
2019-01-05,2,51,25.4
2019-01-06,1,24,10.91
2019-01-07,9,67,28.52
2019-01-08,9,58,28.8
2019-01-09,6,58,26.88
2019-01-10,6,60,28.16
2019-01-11,4,74,36.74
2019-01-12,6,54,28.33
2019-01-13,1,29,12.26
2019-01-14,1,56,21.39
2019-01-15,6,76,34.03
2019-01-16,2,63,26.01
2019-01-17,2,65,26.93
2019-01-18,1,67,27.12
2019-01-19,1,53,22.47
2019-01-20,1,44,18.0
2019-01-21,1,67,26.98
2019-01-22,2,62,26.08
2019-01-23,1,78,32.81
2019-01-24,6,29,13.05
2019-01-25,1,71,30.41
2019-01-26,1,58,24.58
2019-01-27,1,45,20.0
2019-01-28,1,65,24.76
2019-01-29,1,67,27.57
2019-01-30,1,67,27.13
2019-01-31,2,81,34.26
2019-02-01,8,69,32.99
2019-02-02,1,53,24.24
2019-02-03,1,42,16.08
2019-02-04,1,54,21.99
2019-02-05,1,60,25.41
2019-02-06,1,60,29.03
2019-02-07,4,76,34.29
2019-02-08,9,63,32.38
2019-02-09,6,45,22.86
2019-02-10,1,42,16.41
2019-02-11,1,58,23.79
2019-02-12,1,72,29.11
2019-02-13,4,71,36.08
2019-02-14,6,62,28.35
2019-02-15,6,71,32.3
2019-02-16,4,51,23.35
2019-02-17,1,36,14.35
2019-02-18,1,60,23.28
2019-02-19,1,63,27.75
2019-02-20,2,63,27.74
2019-02-21,1,63,27.63
2019-02-22,1,63,26.51
2019-02-23,8,54,34.52
2019-02-24,13,33,23.41
2019-02-25,6,51,26.51
2019-02-26,2,58,26.23
2019-02-27,6,72,33.67
2019-02-28,2,56,25.29
2019-03-01,1,69,27.38
2019-03-02,1,53,21.3
2019-03-03,1,42,16.39
2019-03-04,1,58,23.74
2019-03-05,1,62,27.45
2019-03-06,1,60,29.49
2019-03-07,1,69,30.31
2019-03-08,1,69,30.63
2019-03-09,1,53,23.33
2019-03-10,1,44,19.8
2019-03-11,1,58,23.82
2019-03-12,1,76,34.53
2019-03-13,6,60,31.06
2019-03-14,1,62,25.25
2019-03-15,2,63,28.38
2019-03-16,1,51,24.83
2019-03-17,1,47,20.39
2019-03-18,1,54,24.06
2019-03-19,1,58,25.88
2019-03-20,1,60,26.75
2019-03-21,1,62,26.48
2019-03-22,1,71,24.86
2019-03-23,2,56,28.31
2019-03-24,11,60,32.04
2019-03-25,24,65,49.46
2019-03-26,22,58,46.46
2019-03-27,2,53,30.15
2019-03-28,1,63,26.53
2019-03-29,1,62,29.08
2019-03-30,1,42,18.87
2019-03-31,1,18,4.7
2019-04-01,1,60,22.3
2019-04-02,1,62,24.49
2019-04-03,1,56,25.62
2019-04-04,4,58,26.93
2019-04-05,1,65,30.75
2019-04-06,9,51,28.05
2019-04-07,1,49,24.82
2019-04-08,2,54,25.06
2019-04-09,2,67,26.33
2019-04-10,2,54,27.94
2019-04-11,1,54,26.33
2019-04-12,1,63,27.72
2019-04-13,4,51,28.3
2019-04-14,2,42,21.27
2019-04-15,4,49,22.11
2019-04-16,4,54,34.25
2019-04-17,1,60,25.65
2019-04-18,1,65,30.31
2019-04-19,6,71,31.8
2019-04-20,1,54,28.69
2019-04-21,1,56,22.42
2019-04-22,1,53,21.61
2019-04-23,1,38,15.99
2019-04-24,1,56,26.2
2019-04-25,1,60,26.87
2019-04-26,1,63,29.05
2019-04-27,1,53,25.75
2019-04-28,1,60,21.56
2019-04-29,1,56,25.11
2019-04-30,1,71,31.9
2019-05-01,1,31,14.21
2019-05-02,2,65,31.65
2019-05-03,1,67,30.67
2019-05-04,1,53,25.85
2019-05-05,1,47,15.85
2019-05-06,1,54,20.87
2019-05-07,1,54,23.94
2019-05-08,1,49,20.94
2019-05-09,1,56,20.57
2019-05-10,1,65,26.73
2019-05-11,1,56,22.06
2019-05-12,1,42,12.83
2019-05-13,1,56,21.75
2019-05-14,1,54,21.31
2019-05-15,1,56,21.74
2019-05-16,1,58,23.09
2019-05-17,1,71,27.39
2019-05-18,1,45,17.56
2019-05-19,1,45,11.06
2019-05-20,1,45,15.54
2019-05-22,2,60,32.21
2019-05-23,1,62,24.97
2019-05-24,1,67,30.12
2019-05-25,1,53,21.75
2019-05-26,1,45,13.49
2019-05-27,1,60,24.87
2019-05-28,1,62,25.99
2019-05-29,1,63,27.99
2019-05-30,1,71,30.51
2019-05-31,1,60,29.72
2019-06-01,1,45,20.5
2019-06-02,1,27,10.38
2019-06-03,1,26,8.39
2019-06-04,1,56,22.79
2019-06-05,1,49,21.64
2019-06-06,1,31,13.46
2019-06-07,1,24,9.02
2019-06-08,1,18,9.07
2019-06-09,1,18,7.86
2019-06-10,1,56,19.81
2019-06-11,1,54,24.59
2019-06-12,1,56,24.95
2019-06-13,1,63,27.39
2019-06-14,1,67,29.16
2019-06-15,1,54,26.13
2019-06-16,1,44,20.3
2019-06-17,1,62,27.73
2019-06-18,1,63,28.91
2019-06-19,1,63,30.38
2019-06-20,1,67,31.17
2019-06-21,1,67,31.29
2019-06-22,1,58,30.25
2019-06-23,1,47,19.55
2019-06-24,1,65,29.31
2019-06-25,1,63,29.97
2019-06-26,2,62,28.62
2019-06-27,2,60,30.81
2019-06-28,2,60,30.71
2019-06-29,1,81,26.41
2019-06-30,1,36,19.24
2019-07-01,1,49,27.67
2019-07-02,1,53,24.46
2019-07-03,1,54,25.18
2019-07-04,1,54,26.32
2019-07-05,1,56,27.14
2019-07-06,1,40,22.3
2019-07-07,1,33,16.38
2019-07-08,1,56,24.72
2019-07-09,1,51,24.28
2019-07-10,1,49,24.74
2019-07-11,2,53,28.88
2019-07-12,1,56,25.55
2019-07-13,1,40,21.2
2019-07-14,1,36,16.18
2019-07-15,2,31,16.5
2019-07-16,1,51,22.36
2019-07-17,1,49,23.23
2019-07-18,1,49,24.51
2019-07-19,1,49,25.72
2019-07-20,1,44,21.18
2019-07-21,1,31,14.7
2019-07-22,1,49,24.47
2019-07-23,1,49,24.85
2019-07-24,1,51,26.11
2019-07-25,1,51,24.64
2019-07-26,1,57,26.41
2019-07-27,1,44,21.57
2019-07-28,1,27,13.86
2019-07-29,1,49,22.24
2019-07-30,1,53,23.59
2019-07-31,1,53,22.36
2019-08-01,1,53,23.92
2019-08-02,1,56,25.1
2019-08-03,1,40,20.09
2019-08-04,1,31,12.35
2019-08-05,1,49,21.61
2019-08-06,1,56,23.02
2019-08-07,1,51,23.85
2019-08-08,1,54,26.07
2019-08-09,1,51,25.3
2019-08-10,1,26,10.95
2019-08-11,1,29,12.07
2019-08-12,1,35,14.11
2019-08-13,1,22,9.85
2019-08-14,1,18,7.57
2019-08-15,1,26,9.07
2019-08-16,1,26,9.34
2019-08-17,1,51,16.82
2019-08-18,1,22,8.94
2019-08-19,1,49,19.59
2019-08-20,1,51,23.14
2019-08-21,1,53,24.83
2019-08-22,1,53,23.86
2019-08-23,1,57,25.28
2019-08-24,1,49,22.95
2019-08-25,1,35,16.66
2019-08-26,1,54,25.37
2019-08-27,1,57,26.44
2019-08-28,1,61,28.55
2019-08-29,1,65,31.89
2019-08-30,1,36,15.97
2019-08-31,1,42,18.87
2019-09-01,1,44,18.57
2019-09-02,1,56,25.54
2019-09-03,1,57,26.64
2019-09-04,1,61,29.06
2019-09-05,1,59,28.27
2019-09-06,1,64,29.73
2019-09-07,1,56,28.11
2019-09-08,1,45,20.3
2019-09-09,1,51,22.6
2019-09-10,1,54,25.46
2019-09-11,1,60,25.95
2019-09-12,1,58,26.55
2019-09-13,2,69,30.75
2019-09-14,1,54,27.2
2019-09-15,1,45,21.1
2019-09-16,1,58,24.88
2019-09-17,1,58,26.38
2019-09-18,1,62,27.36
2019-09-19,1,63,27.91
2019-09-20,1,80,37.63
2019-09-21,1,62,29.06
2019-09-22,1,54,22.82
2019-09-23,1,60,25.46
2019-09-24,1,67,28.07
2019-09-25,1,54,26.34
2019-09-26,1,67,27.55
2019-09-27,1,62,28.11
2019-09-28,1,56,25.57
2019-09-29,1,53,21.34
2019-09-30,1,58,25.48
2019-10-01,1,67,27.53
2019-10-02,1,63,28.43
2019-10-03,1,65,29.32
2019-10-04,2,67,30.79
2019-10-05,4,60,30.73
2019-10-06,1,45,21.79
2019-10-07,1,58,25.79
2019-10-08,4,72,35.98
2019-10-09,1,65,27.77
2019-10-10,1,65,28.66
2019-10-11,1,67,30.02
2019-10-12,1,60,28.05
2019-10-13,1,53,21.77
2019-10-14,1,63,26.58
2019-10-15,2,62,27.59
2019-10-16,1,62,26.66
2019-10-17,2,62,28.74
2019-10-18,4,69,29.99
2019-10-19,2,58,28.73
2019-10-20,1,54,22.63
2019-10-21,1,62,25.32
2019-10-22,1,65,28.36
2019-10-23,2,67,29.17
2019-10-24,2,69,30.37
2019-10-25,2,74,32.93
2019-10-26,1,63,28.64
2019-10-27,1,63,17.45
2019-10-28,1,53,20.41
2019-10-29,2,36,16.18
2019-10-30,1,60,26.56
2019-10-31,2,80,33.97
2019-11-01,13,71,38.02
2019-11-02,2,60,28.07
2019-11-03,2,65,30.05
2019-11-04,2,62,27.04
2019-11-05,4,65,30.7
2019-11-06,4,71,31.21
2019-11-07,2,69,30.19
2019-11-08,2,74,33.08
2019-11-09,4,63,29.65
2019-11-10,1,49,22.57
2019-11-11,2,60,26.93
2019-11-12,4,63,29.36
2019-11-13,2,65,28.37
2019-11-14,4,76,33.6
2019-11-15,4,72,32.82
2019-11-16,2,69,32.04
2019-11-17,1,58,25.4
2019-11-18,2,69,31.11
2019-11-19,4,74,31.92
2019-11-20,6,74,33.57
2019-11-21,4,76,33.19
2019-11-22,4,76,33.53
2019-11-23,4,62,30.41
2019-11-24,1,54,25.0
2019-11-25,2,65,27.38
2019-11-26,9,67,32.27
2019-11-27,8,67,31.93
2019-11-28,2,65,29.8
2019-11-29,4,72,35.03
2019-11-30,2,62,29.44
2019-12-01,2,49,23.12
2019-12-02,2,69,28.93
2019-12-03,4,74,33.06
2019-12-04,13,69,39.71
2019-12-05,6,74,34.72
2019-12-06,4,76,32.29
2019-12-07,4,60,28.61
2019-12-08,1,40,17.66
2019-12-09,2,65,28.15
2019-12-10,4,67,30.57
2019-12-11,4,80,32.61
2019-12-12,6,67,31.69
2019-12-13,9,69,34.54
2019-12-14,4,62,30.57
2019-12-15,1,45,19.41
2019-12-16,1,69,28.89
2019-12-17,4,67,31.56
2019-12-18,8,72,32.94
2019-12-19,4,69,32.05
2019-12-20,4,72,33.36
2019-12-21,2,58,28.53
2019-12-22,2,45,20.8
2019-12-23,4,72,34.44
2019-12-24,6,67,35.92
2019-12-25,4,72,33.37
2019-12-26,9,74,38.81
2019-12-27,8,78,37.06
2019-12-28,6,65,34.89
2019-12-29,8,42,21.24
2019-12-30,4,71,37.06
2019-12-31,6,62,32.12
2020-01-01,2,33,14.73
2020-01-02,4,72,35.57
2020-01-03,9,63,30.27
2020-01-04,1,45,21.74
2020-01-05,2,45,18.92
2020-01-06,15,80,44.48
2020-01-07,17,80,44.02
2020-01-08,15,74,36.88
2020-01-09,9,71,34.63
2020-01-10,6,74,33.94
2020-01-11,4,54,26.76
2020-01-12,2,35,17.09
2020-01-13,6,60,28.47
2020-01-14,6,65,30.92
2020-01-15,6,63,30.09
2020-01-16,4,69,31.52
2020-01-17,6,81,36.86
2020-01-18,9,63,32.28
2020-01-19,4,49,23.97
2020-01-20,11,74,38.32
2020-01-21,8,71,33.56
2020-01-22,4,71,33.24
2020-01-23,6,71,32.75
2020-01-24,4,71,32.75
2020-01-25,6,60,31.34
2020-01-26,4,47,25.03
2020-01-27,4,65,29.92
2020-01-28,11,67,36.46
2020-01-29,6,83,35.29
2020-01-30,13,67,37.02
2020-01-31,6,71,33.7
2020-02-01,8,56,30.55
2020-02-02,2,53,22.5
2020-02-03,1,60,27.51
2020-02-04,9,62,32.44
2020-02-05,6,83,38.61
2020-02-06,8,74,34.81
2020-02-07,6,76,32.06
2020-02-08,15,44,28.37
2020-02-09,2,31,14.94
2020-02-10,2,63,29.77
2020-02-11,6,65,33.01
2020-02-12,9,65,34.29
2020-02-13,6,67,31.6
2020-02-14,6,72,33.43
2020-02-15,6,54,29.91
2020-02-16,4,45,20.53
2020-02-17,4,63,30.04
2020-02-18,6,65,31.56
2020-02-19,6,65,31.23
2020-02-20,6,76,39.04
2020-02-21,13,65,44.03
2020-02-22,4,56,28.24
2020-02-23,1,47,20.69
2020-02-24,6,60,28.63
2020-02-25,4,65,31.33
2020-02-26,6,63,32.5
2020-02-27,6,72,36.36
2020-02-28,6,67,32.98
2020-02-29,4,58,34.15
2020-03-01,2,47,22.51
2020-03-02,2,65,30.69
2020-03-03,4,90,35.18
2020-03-04,1,62,29.86
2020-03-05,4,76,34.2
2020-03-06,6,67,35.89
2020-03-07,4,60,30.81
2020-03-08,2,49,22.68
2020-03-09,2,62,29.39
2020-03-10,6,74,38.46
2020-03-11,6,69,32.7
2020-03-12,4,72,31.91
2020-03-13,6,71,32.29
2020-03-14,6,51,24.54
2020-03-15,1,42,18.75
2020-03-16,8,56,24.19
2020-03-17,4,54,21.91
2020-03-18,4,54,20.85
2020-03-19,4,40,18.07
2020-03-20,2,36,15.24
2020-03-21,1,15,7.91
2020-03-22,1,87,4.94
2020-03-23,2,33,14.53
2020-03-24,4,27,16.53
2020-03-25,6,26,14.28
2020-03-26,4,20,10.66
2020-03-27,1,20,11.66
2020-03-28,1,17,7.69
2020-03-29,4,20,9.77
2020-03-30,2,18,10.21
2020-03-31,2,20,10.36
2020-04-01,4,20,11.24
2020-04-02,4,27,13.19
2020-04-03,2,17,9.76
2020-04-04,1,13,7.11
2020-04-05,6,18,10.08
2020-04-06,4,20,11.45
2020-04-07,4,17,10.25
2020-04-08,2,17,8.89
2020-04-09,2,17,8.24
2020-04-10,1,15,8.26
2020-04-11,1,24,7.01
2020-04-12,1,31,9.59
2020-04-13,1,18,9.47
2020-04-14,2,17,8.74
2020-04-15,6,27,14.74
2020-04-16,4,24,12.25
2020-04-17,1,24,11.69
2020-04-18,1,15,7.41
2020-04-19,1,13,6.18
2020-04-20,1,24,10.56
2020-04-21,2,38,14.88
2020-04-22,1,29,12.83
2020-04-23,1,17,8.32
2020-04-24,1,17,7.28
2020-04-25,1,15,6.15
2020-04-26,1,13,6.0
2020-04-27,1,36,11.92
2020-04-28,1,31,11.94
2020-04-29,1,31,13.36
2020-04-30,1,38,14.38
2020-05-01,1,17,6.33
2020-05-02,1,18,6.67
2020-05-03,1,20,9.37
2020-05-04,6,51,21.71
2020-05-05,1,27,14.07
2020-05-06,1,35,14.62
2020-05-07,1,38,16.64
2020-05-08,1,42,14.42
2020-05-09,1,17,7.51
2020-05-10,1,15,6.46
2020-05-11,1,44,16.44
2020-05-12,1,38,15.73
2020-05-13,1,42,17.75
2020-05-14,1,47,17.35
2020-05-15,1,53,20.41
2020-05-16,1,15,7.75
2020-05-17,1,13,5.84
2020-05-18,1,15,7.07
2020-05-19,1,15,7.38
2020-05-20,1,58,24.3
2020-05-21,1,65,26.53
2020-05-22,6,51,26.32
2020-05-23,1,17,6.93
2020-05-24,1,8,2.64
2020-05-25,1,11,3.69
2020-05-26,1,11,4.34
2020-05-27,1,54,22.87
2020-05-28,6,44,19.72
2020-05-29,2,60,22.56
2020-05-30,1,11,5.89
2020-05-31,1,6,2.79
2020-06-01,1,80,28.11
2020-06-02,1,60,24.94
2020-06-03,1,62,25.48
2020-06-04,1,54,25.54
2020-06-05,2,67,30.0
2020-06-06,1,31,14.43
2020-06-07,1,24,10.94
2020-06-08,1,54,24.35
2020-06-09,4,54,25.58
2020-06-10,4,56,27.01
2020-06-11,4,60,26.85
2020-06-12,6,60,28.87
2020-06-13,4,42,19.42
2020-06-14,1,26,13.16
2020-06-15,8,54,26.35
2020-06-16,4,58,27.56
2020-06-17,4,58,27.72
2020-06-18,4,58,27.76
2020-06-19,2,62,32.81
2020-06-20,1,54,13.34
2020-06-21,1,29,12.76
2020-06-22,1,56,26.33
2020-06-23,2,54,27.14
2020-06-24,4,56,27.14
2020-06-25,4,62,29.59
2020-06-26,6,67,34.4
2020-06-27,2,47,13.42
2020-06-28,1,36,9.52
2020-06-29,2,63,31.04
2020-06-30,1,60,29.57
2020-07-01,2,63,31.15
2020-07-02,4,62,30.35
2020-07-03,4,60,31.21
2020-07-04,4,42,22.93
2020-07-05,2,31,14.41
2020-07-06,2,54,26.77
2020-07-07,4,60,29.07
2020-07-08,6,60,29.42
2020-07-09,4,60,28.88
2020-07-10,6,62,30.68
2020-07-11,2,44,22.13
2020-07-12,1,33,15.68
2020-07-13,4,62,29.72
2020-07-14,4,63,29.98
2020-07-15,2,27,16.3
2020-07-16,4,56,27.88
2020-07-17,4,58,29.02
2020-07-18,4,42,23.17
2020-07-19,2,27,14.34
2020-07-20,1,54,26.54
2020-07-21,6,60,29.51
2020-07-22,4,60,30.41
2020-07-23,4,62,30.2
2020-07-24,4,58,30.76
2020-07-25,4,40,22.47
2020-07-26,1,26,14.27
2020-07-27,4,54,25.5
2020-07-28,4,53,26.33
2020-07-29,2,54,27.81
2020-07-30,2,38,16.74
2020-07-31,1,26,11.22
2020-08-01,1,27,13.32
2020-08-02,1,29,12.42
2020-08-03,1,24,11.92
2020-08-04,1,44,17.32
2020-08-05,1,51,20.98
2020-08-06,2,56,23.9
2020-08-07,4,54,25.89
2020-08-08,2,42,21.44
2020-08-09,2,33,16.93
2020-08-10,4,60,29.32
2020-08-11,4,62,30.08
2020-08-12,2,63,29.4
2020-08-13,4,62,29.38
2020-08-14,4,65,31.02
2020-08-15,2,45,24.61
2020-08-16,1,31,16.2
2020-08-17,1,58,26.46
2020-08-18,2,58,30.68
2020-08-19,2,60,30.29
2020-08-20,2,58,29.95
2020-08-21,2,60,30.92
2020-08-22,2,45,23.63
2020-08-23,1,31,15.84
2020-08-24,1,62,27.26
2020-08-25,4,62,30.23
2020-08-26,2,62,29.42
2020-08-27,2,62,29.41
2020-08-28,6,65,32.3
2020-08-29,1,47,25.61
2020-08-30,1,36,16.95
2020-08-31,1,63,29.14
2020-09-01,2,63,30.46
2020-09-02,4,65,31.41
2020-09-03,2,65,31.32
2020-09-04,2,65,32.01
2020-09-05,4,53,26.66
2020-09-06,1,36,17.65
2020-09-07,1,62,28.41
2020-09-08,2,63,29.88
2020-09-09,2,62,29.38
2020-09-10,4,63,36.25
2020-09-11,4,63,23.86
2020-09-12,2,49,25.71
2020-09-13,1,36,18.28
2020-09-14,2,60,29.01
2020-09-15,4,62,32.28
2020-09-16,2,60,27.89
2020-09-17,4,65,33.59
2020-09-18,4,65,31.65
2020-09-19,6,51,27.84
2020-09-20,2,54,19.44
2020-09-21,1,63,32.67
2020-09-22,4,62,29.86
2020-09-23,2,63,29.49
2020-09-24,2,65,32.08
2020-09-25,2,65,31.84
2020-09-26,2,54,27.6
2020-09-27,2,42,20.78
2020-09-28,1,65,28.85
2020-09-29,2,65,31.99
2020-09-30,1,65,30.61
2020-10-01,2,71,32.39
2020-10-02,2,69,33.41
2020-10-03,2,56,28.21
2020-10-04,1,44,20.76
2020-10-05,1,69,29.35
2020-10-06,2,67,31.22
2020-10-07,2,71,32.72
2020-10-08,4,67,31.46
2020-10-09,6,85,34.28
2020-10-10,2,60,28.89
2020-10-11,1,47,21.61
2020-10-12,1,63,29.39
2020-10-13,2,83,33.52
2020-10-14,4,67,31.49
2020-10-15,4,71,33.07
2020-10-16,4,67,33.16
2020-10-17,2,67,30.15
2020-10-18,1,45,19.19
2020-10-19,4,67,30.41
2020-10-20,2,63,31.99
2020-10-21,9,69,32.96
2020-10-22,2,67,29.97
2020-10-23,2,67,30.38
2020-10-24,2,53,25.59
2020-10-25,2,42,19.02
2020-10-26,1,62,26.34
2020-10-27,2,65,30.77
2020-10-28,2,69,29.74
2020-10-29,2,27,15.88
2020-10-30,1,71,29.24
2020-10-31,2,40,19.87
2020-11-01,1,35,16.2
2020-11-02,1,65,26.61
2020-11-03,1,65,29.41
2020-11-04,4,72,34.29
2020-11-05,6,63,35.76
2020-11-06,15,51,29.34
2020-11-07,4,58,27.09
2020-11-08,2,65,16.53
2020-11-09,1,63,24.93
2020-11-10,4,62,28.49
2020-11-11,4,69,38.45
2020-11-12,2,60,26.98
2020-11-13,2,62,28.37
2020-11-14,1,60,27.19
2020-11-15,1,31,12.89
2020-11-16,1,65,24.97
2020-11-17,4,67,28.66
2020-11-18,2,69,29.62
2020-11-19,4,62,26.39
2020-11-20,4,71,29.16
2020-11-21,4,51,23.35
2020-11-22,1,29,13.66
2020-11-23,4,58,26.54
2020-11-24,1,56,25.13
2020-11-25,4,58,26.87
2020-11-26,4,60,25.21
2020-11-27,2,63,25.9
2020-11-28,1,49,19.74
2020-11-29,1,31,11.37
2020-11-30,4,65,26.5
2020-12-01,6,67,30.58
2020-12-02,8,62,27.4
2020-12-03,4,63,29.05
2020-12-04,4,83,37.07
2020-12-05,2,18,8.18
2020-12-06,1,15,5.85
2020-12-07,2,71,32.77
2020-12-08,6,67,32.3
2020-12-09,6,65,29.54
2020-12-10,6,67,30.37
2020-12-11,6,74,36.47
2020-12-12,2,20,9.57
2020-12-13,1,15,7.39
2020-12-14,8,72,38.26
2020-12-15,11,72,40.02
2020-12-16,6,67,32.33
2020-12-17,6,65,32.25
2020-12-18,4,72,33.36
2020-12-19,1,15,4.83
2020-12-20,1,15,4.22
2020-12-21,4,69,34.41
2020-12-22,4,69,33.36
2020-12-23,4,65,30.68
2020-12-24,4,78,32.64
2020-12-25,2,72,33.47
2020-12-26,2,15,6.52
2020-12-27,1,13,3.8
2020-12-28,2,71,35.53
2020-12-29,6,71,34.56
2020-12-30,4,71,34.65
2020-12-31,1,62,26.76
2021-01-01,1,18,5.82
2021-01-02,1,18,4.04
2021-01-03,1,13,3.1
2021-01-04,1,65,30.53
2021-01-05,4,62,30.99
2021-01-06,2,63,28.51
2021-01-07,4,65,31.1
2021-01-08,6,72,34.27
2021-01-09,4,18,11.75
2021-01-10,4,22,11.11
2021-01-11,2,67,33.46
2021-01-12,4,80,37.32
2021-01-13,4,63,34.93
2021-01-14,6,65,33.49
2021-01-15,6,63,34.94
2021-01-16,4,29,14.05
2021-01-17,6,31,17.1
2021-01-18,11,85,34.8
2021-01-19,11,60,35.38
2021-01-20,6,67,35.76
2021-01-21,6,67,35.31
2021-01-22,6,83,39.33
2021-01-23,1,17,8.16
2021-01-24,1,11,5.24
2021-01-25,4,80,43.66
2021-01-26,6,78,40.22
2021-01-27,6,72,42.76
2021-01-28,4,67,35.63
2021-01-29,1,78,38.6
2021-01-30,4,20,11.19
2021-01-31,1,15,4.44
2021-02-01,4,72,36.94
2021-02-02,4,67,36.55
2021-02-03,4,71,35.33
2021-02-04,6,74,36.89
2021-02-05,4,78,40.54
2021-02-06,1,13,5.77
2021-02-07,1,15,3.66
2021-02-08,2,72,38.28
2021-02-09,6,65,36.98
2021-02-10,4,71,37.7
2021-02-11,4,72,36.79
2021-02-12,2,69,40.38
2021-02-13,1,18,6.3
2021-02-14,13,38,23.46
2021-02-15,17,53,35.16
2021-02-16,15,51,30.68
2021-02-17,9,71,27.7
2021-02-18,8,63,36.11
2021-02-19,2,65,32.26
2021-02-20,1,15,5.39
2021-02-21,1,15,4.81
2021-02-22,6,72,38.97
2021-02-23,4,72,37.08
2021-02-24,4,69,35.82
2021-02-25,6,69,36.53
2021-02-26,6,76,39.68
2021-02-27,2,15,7.92
2021-02-28,1,18,6.2
2021-03-01,4,76,38.99
2021-03-02,9,72,40.79
2021-03-03,4,65,35.21
2021-03-04,4,67,35.09
2021-03-05,4,65,33.67
2021-03-06,2,78,32.38
2021-03-07,1,18,6.82
2021-03-08,4,74,34.97
2021-03-09,4,65,33.76
2021-03-10,6,63,33.45
2021-03-11,6,74,36.9
2021-03-12,4,63,31.86
2021-03-13,2,72,31.78
2021-03-14,1,11,2.91
2021-03-15,2,63,33.74
2021-03-16,8,65,36.86
2021-03-17,8,76,37.32
2021-03-18,4,58,32.15
2021-03-19,4,76,36.69
2021-03-20,4,65,33.08
2021-03-21,2,18,9.05
2021-03-22,4,76,35.26
2021-03-23,4,65,36.83
2021-03-24,2,69,31.63
2021-03-25,2,67,31.26
2021-03-26,2,60,29.29
2021-03-27,2,72,31.0
2021-03-28,1,11,2.89
2021-03-29,2,63,31.4
2021-03-30,4,65,35.26
2021-03-31,4,58,31.49
2021-04-01,2,63,34.32
2021-04-02,4,74,38.36
2021-04-03,1,17,6.78
2021-04-04,1,13,3.79
2021-04-05,4,78,37.58
2021-04-06,2,62,32.65
2021-04-07,1,67,33.34
2021-04-08,2,72,42.24
2021-04-09,1,72,38.05
2021-04-10,1,9,5.05
2021-04-11,1,11,2.06
2021-04-12,1,74,35.74
2021-04-13,2,56,26.2
2021-04-14,1,58,25.37
2021-04-15,2,63,24.53
2021-04-16,2,63,26.21
2021-04-17,1,18,7.49
2021-04-18,1,11,2.96
2021-04-19,2,74,29.95
2021-04-20,1,60,25.02
2021-04-21,1,62,28.2
2021-04-22,2,80,34.1
2021-04-23,1,11,6.03
2021-04-24,1,13,5.79
2021-04-25,1,15,5.15
2021-04-26,1,72,28.99
2021-04-27,1,74,33.14
2021-04-28,1,81,37.8
2021-04-29,1,71,33.96
2021-04-30,1,26,12.36
2021-05-01,1,13,5.1
2021-05-02,1,9,3.44
2021-05-03,1,24,11.62
2021-05-04,1,24,12.41
2021-05-05,1,26,11.84
2021-05-06,1,33,12.56
2021-05-07,1,26,12.05
2021-05-08,1,18,7.45
2021-05-09,1,8,2.78
2021-05-10,1,24,10.3
2021-05-11,1,22,10.11
2021-05-12,1,15,4.72
2021-05-13,1,4,1.08
2021-05-14,1,20,2.91
2021-05-15,1,11,1.9
2021-05-16,1,11,2.24
2021-05-17,1,65,26.83
2021-05-18,2,83,37.68
2021-05-19,1,60,25.76
2021-05-20,1,65,39.14
2021-05-21,2,76,41.46
2021-05-22,1,13,6.83
2021-05-23,1,6,1.98
2021-05-24,1,71,36.23
2021-05-25,1,67,34.63
2021-05-26,4,67,34.52
2021-05-27,4,71,34.33
2021-05-28,1,71,35.74
2021-05-29,1,20,8.6
2021-05-30,1,6,2.46
2021-05-31,1,71,34.42
2021-06-01,2,62,35.41
2021-06-02,2,60,30.43
2021-06-03,4,67,33.06
2021-06-04,1,69,33.41
2021-06-05,1,74,36.36
2021-06-06,1,45,3.46
2021-06-07,1,62,32.57
2021-06-08,2,67,32.89
2021-06-09,2,62,32.9
2021-06-10,1,65,35.32
2021-06-11,2,65,34.99
2021-06-12,1,76,37.55
2021-06-13,1,15,3.88
2021-06-14,1,63,36.76
2021-06-15,4,65,43.18
2021-06-16,2,63,36.43
2021-06-17,1,60,31.63
2021-06-18,1,78,36.35
2021-06-19,1,74,39.3
2021-06-20,1,17,2.63
2021-06-21,1,62,31.66
2021-06-22,1,71,32.98
2021-06-23,1,67,32.85
2021-06-24,1,63,32.41
2021-06-25,1,63,32.77
2021-06-26,1,67,33.89
2021-06-27,1,15,3.77
2021-06-28,1,63,33.16
2021-06-29,1,65,33.51
2021-06-30,4,67,35.4
2021-07-01,1,69,36.54
2021-07-02,1,65,35.41
2021-07-03,1,60,31.64
2021-07-04,1,44,20.29
2021-07-05,1,63,31.59
2021-07-06,1,69,37.31
2021-07-07,1,63,30.08
2021-07-08,1,67,33.05
2021-07-09,1,67,33.05
2021-07-10,1,56,30.91
2021-07-11,1,36,19.55
2021-07-12,1,62,29.49
2021-07-13,1,62,31.14
2021-07-14,2,65,34.5
2021-07-15,1,35,20.43
2021-07-16,2,47,25.03
2021-07-17,4,35,20.97
2021-07-18,1,22,8.0
2021-07-19,1,62,8.55
2021-07-20,1,31,10.49
2021-07-21,1,67,13.83
2021-07-22,1,27,12.43
2021-07-23,1,26,11.44
2021-07-24,1,26,11.75
2021-07-25,1,20,9.43
2021-07-26,1,53,21.32
2021-07-27,2,60,31.71
2021-07-28,1,62,27.94
2021-07-29,1,63,29.36
2021-07-30,1,65,30.65
2021-07-31,2,51,26.92
2021-08-01,1,36,18.29
2021-08-02,1,65,31.65
2021-08-03,1,69,32.28
2021-08-04,2,69,32.72
2021-08-05,2,65,32.83
2021-08-06,2,69,33.13
2021-08-07,2,53,27.78
2021-08-08,1,38,20.34
2021-08-09,1,63,30.69
2021-08-10,1,63,31.48
2021-08-11,2,65,31.11
2021-08-12,1,67,31.87
2021-08-13,1,67,32.53
2021-08-14,1,51,28.49
2021-08-15,1,40,17.36
2021-08-16,1,62,29.65
2021-08-17,1,65,30.99
2021-08-18,2,67,31.34
2021-08-19,1,69,32.93
2021-08-20,1,67,32.26
2021-08-21,1,51,27.47
2021-08-22,1,40,19.24
2021-08-23,1,62,28.67
2021-08-24,2,65,31.07
2021-08-25,1,67,31.36
2021-08-26,1,69,32.39
2021-08-27,1,65,32.76
2021-08-28,2,53,30.65
2021-08-29,1,38,20.3
2021-08-30,1,42,22.37
2021-08-31,1,65,32.66
2021-09-01,1,69,33.61
2021-09-02,2,72,40.27
2021-09-03,2,74,37.96
2021-09-04,1,60,31.18
2021-09-05,1,45,22.24
2021-09-06,1,65,32.9
2021-09-07,2,69,34.22
2021-09-08,2,69,35.39
2021-09-09,1,71,35.23
2021-09-10,4,65,36.2
2021-09-11,1,62,32.7
2021-09-12,1,49,24.11
2021-09-13,1,65,29.96
2021-09-14,1,65,33.54
2021-09-15,1,71,33.62
2021-09-16,1,72,35.49
2021-09-17,1,72,36.61
2021-09-18,1,63,32.13
2021-09-19,1,49,24.58
2021-09-20,1,65,32.13
2021-09-21,1,72,35.16
2021-09-22,2,72,36.21
2021-09-23,8,74,38.82
2021-09-24,1,72,41.58
2021-09-25,1,65,33.79
2021-09-26,1,56,26.51
2021-09-27,1,65,30.44
2021-09-28,1,74,34.44
2021-09-29,2,76,36.79
2021-09-30,8,72,46.3
2021-10-01,1,80,40.48
2021-10-02,6,69,44.73
2021-10-03,1,49,22.89
2021-10-04,1,69,32.22
2021-10-05,1,76,35.3
2021-10-06,2,72,34.89
2021-10-07,4,71,36.15
2021-10-08,2,74,35.19
2021-10-09,2,63,36.79
2021-10-10,4,47,24.01
2021-10-11,1,67,30.23
2021-10-12,1,71,36.98
2021-10-13,6,69,33.77
2021-10-14,1,72,34.17
2021-10-15,2,67,34.3
2021-10-16,6,58,34.08
2021-10-17,2,49,23.9
2021-10-18,1,65,30.56
2021-10-19,2,69,33.24
2021-10-20,2,76,35.0
2021-10-21,4,76,36.5
2021-10-22,1,74,34.96
2021-10-23,1,63,36.47
2021-10-24,1,54,26.63
2021-10-25,1,69,32.82
2021-10-26,1,71,35.47
2021-10-27,1,76,38.58
2021-10-28,1,76,35.08
2021-10-29,1,45,22.05
2021-10-30,1,53,23.4
2021-10-31,1,49,20.49
2021-11-01,1,72,35.0
2021-11-02,1,87,37.06
2021-11-03,2,71,33.38
2021-11-04,1,76,35.62
2021-11-05,1,80,37.67
2021-11-06,4,72,35.14
2021-11-07,8,60,28.41
2021-11-08,1,72,31.25
2021-11-09,2,74,37.17
2021-11-10,8,78,38.03
2021-11-11,2,80,36.25
2021-11-12,1,76,36.32
2021-11-13,1,69,33.84
2021-11-14,1,56,23.49
2021-11-15,1,74,32.07
2021-11-16,2,78,36.44
2021-11-17,1,80,36.22
2021-11-18,1,78,36.15
2021-11-19,2,78,38.18
2021-11-20,1,67,33.51
2021-11-21,1,58,25.51
2021-11-22,1,71,31.52
2021-11-23,2,87,42.11
2021-11-24,9,71,37.05
2021-11-25,1,76,33.8
2021-11-26,2,74,38.37
2021-11-27,4,56,29.04
2021-11-28,4,44,20.83
2021-11-29,1,83,37.68
2021-11-30,6,63,28.5
2021-12-01,1,76,33.76
2021-12-02,1,80,35.28
2021-12-03,1,81,36.67
2021-12-04,1,69,33.18
2021-12-05,1,51,19.43
2021-12-06,1,74,30.18
2021-12-07,1,87,36.21
2021-12-08,1,74,35.59
2021-12-09,1,78,36.05
2021-12-10,1,80,37.95
2021-12-11,1,63,30.86
2021-12-12,1,62,24.15
2021-12-13,6,76,36.9
2021-12-14,1,89,39.4
2021-12-15,9,83,44.56
2021-12-16,4,78,42.19
2021-12-17,1,80,41.12
2021-12-18,2,67,34.59
2021-12-19,4,44,19.55
2021-12-20,1,63,27.66
2021-12-21,1,80,33.46
2021-12-22,1,69,32.42
2021-12-23,4,72,34.55
2021-12-24,2,71,32.07
2021-12-25,1,62,32.74
2021-12-26,1,44,22.7
2021-12-27,1,69,28.94
2021-12-28,1,74,31.52
2021-12-29,1,85,36.42
2021-12-30,6,69,33.86
2021-12-31,2,65,28.79
2022-01-01,1,40,14.17
2022-01-02,1,31,14.37
2022-01-03,1,58,22.85
2022-01-04,2,58,24.72
2022-01-05,2,60,26.36
2022-01-06,4,56,26.63
2022-01-07,2,60,26.16
2022-01-08,2,47,22.9
2022-01-09,2,29,13.35
2022-01-10,1,62,27.1
2022-01-11,2,71,35.16
2022-01-12,13,65,36.74
2022-01-13,6,56,26.92
2022-01-14,4,63,27.19
2022-01-15,4,45,23.16
2022-01-16,6,29,15.31
2022-01-17,4,58,26.96
2022-01-18,6,62,30.62
2022-01-19,6,60,31.25
2022-01-20,4,65,30.6
2022-01-21,4,90,39.52
2022-01-22,11,29,20.13
2022-01-23,13,60,24.71
2022-01-24,24,90,44.91
2022-01-25,20,90,40.02
2022-01-26,1,36,23.79
2022-01-27,1,60,27.0
2022-01-28,6,69,32.79
2022-01-29,2,58,26.69
2022-01-30,2,45,20.37
2022-01-31,4,72,31.69
2022-02-01,4,80,36.67
2022-02-02,4,78,40.08
2022-02-03,9,83,41.68
2022-02-04,2,69,31.59
2022-02-05,1,65,29.9
2022-02-06,1,47,19.63
2022-02-07,2,62,28.46
2022-02-08,1,76,42.75
2022-02-09,1,63,30.2
2022-02-10,1,63,30.67
2022-02-11,1,63,30.47
2022-02-12,1,58,28.62
2022-02-13,1,38,17.23
2022-02-14,1,72,30.53
2022-02-15,1,65,29.7
2022-02-16,1,63,29.89
2022-02-17,1,67,30.45
2022-02-18,2,63,32.4
2022-02-19,1,62,30.36
2022-02-20,1,42,17.72
2022-02-21,1,62,26.62
2022-02-22,1,62,33.39
2022-02-23,1,71,37.72
2022-02-24,6,80,41.95
2022-02-25,8,63,34.01
2022-02-26,1,56,25.67
2022-02-27,1,40,15.73
2022-02-28,1,63,30.56
2022-03-01,1,62,30.83
2022-03-02,1,63,29.26
2022-03-03,4,69,34.49
2022-03-04,1,63,30.24
2022-03-05,1,58,25.34
2022-03-06,1,40,18.17
2022-03-07,8,67,31.11
2022-03-08,4,71,37.79
2022-03-09,1,72,34.38
2022-03-10,2,33,19.6
2022-03-11,9,58,23.14
2022-03-12,1,80,21.6
2022-03-13,6,35,15.66
2022-03-14,9,67,32.05
2022-03-15,1,67,33.35
2022-03-16,2,71,34.22
2022-03-17,1,85,40.36
2022-03-18,8,63,34.88
2022-03-19,11,35,23.82
2022-03-20,6,31,18.28
2022-03-21,1,63,29.23
2022-03-22,2,67,34.39
2022-03-23,4,69,35.18
2022-03-24,2,74,34.94
2022-03-25,2,72,35.38
2022-03-26,4,65,34.95
2022-03-27,2,58,28.65
2022-03-28,1,60,30.44
2022-03-29,1,69,32.61
2022-03-30,2,69,33.71
2022-03-31,2,69,33.98
2022-04-01,2,71,34.21
2022-04-02,2,44,18.87
2022-04-03,1,20,9.3
2022-04-04,1,65,25.48
2022-04-05,4,63,30.15
2022-04-06,2,74,29.48
2022-04-07,1,80,29.81
2022-04-08,2,71,28.54
2022-04-09,2,60,28.51
2022-04-10,1,44,17.67
2022-04-11,1,71,33.33
2022-04-12,1,72,29.95
2022-04-13,1,72,29.55
2022-04-14,1,76,30.02
2022-04-15,1,76,30.5
2022-04-16,1,60,24.88
2022-04-17,1,49,20.02
2022-04-18,4,72,34.45
2022-04-19,4,71,32.63
2022-04-20,1,74,28.92
2022-04-21,1,74,31.09
2022-04-22,1,69,28.38
2022-04-23,1,58,23.06
2022-04-24,1,47,16.11
2022-04-25,1,74,30.67
2022-04-26,1,69,31.17
2022-04-27,1,72,31.68
2022-04-28,1,74,33.5
2022-04-29,1,67,33.48
2022-04-30,1,51,22.45
2022-05-01,1,26,9.01
2022-05-02,1,67,30.66
2022-05-03,2,65,31.19
2022-05-04,1,47,21.84
2022-05-05,1,40,16.4
2022-05-06,1,47,19.25
2022-05-07,1,51,23.25
2022-05-08,1,53,21.48
2022-05-09,8,63,40.61
2022-05-10,1,72,33.68
2022-05-11,1,69,34.89
2022-05-12,1,69,35.33
2022-05-13,1,69,34.83
2022-05-14,1,67,33.76
2022-05-15,1,63,26.25
2022-05-16,1,67,32.25
2022-05-17,1,69,35.0
2022-05-18,1,90,42.61
2022-05-19,1,44,19.62
2022-05-20,1,62,31.15
2022-05-21,1,60,30.42
2022-05-22,1,45,22.34
2022-05-23,1,63,30.99
2022-05-24,1,65,38.37
2022-05-25,2,69,34.8
2022-05-26,1,72,36.26
2022-05-27,1,69,34.93
2022-05-28,1,60,31.64
2022-05-29,1,45,23.14
2022-05-30,1,63,30.98
2022-05-31,1,69,33.84
2022-06-01,1,71,34.65
2022-06-02,1,69,42.27
2022-06-03,1,69,33.32
2022-06-04,1,58,26.81
2022-06-05,1,42,19.55
2022-06-06,1,60,29.14
2022-06-07,2,65,32.56
2022-06-08,1,63,30.87
2022-06-09,1,65,31.31
2022-06-10,1,71,31.39
2022-06-11,4,58,27.38
2022-06-12,1,36,18.16
2022-06-13,1,54,25.2
2022-06-14,1,62,29.19
2022-06-15,1,62,30.66
2022-06-16,1,67,31.23
2022-06-17,1,63,31.51
2022-06-18,1,56,26.38
2022-06-19,1,40,19.53
2022-06-20,1,60,29.74
2022-06-21,2,60,29.87
2022-06-22,1,62,29.66
2022-06-23,1,72,34.9
2022-06-24,1,67,32.24
2022-06-25,1,49,25.15
2022-06-26,1,42,19.5
2022-06-27,2,62,31.28
2022-06-28,8,60,35.13
2022-06-29,1,60,29.04
2022-06-30,1,63,30.11
2022-07-01,4,62,34.91
2022-07-02,1,49,24.47
2022-07-03,1,35,17.1
2022-07-04,2,60,27.12
2022-07-05,1,60,28.98
2022-07-06,1,60,29.96
2022-07-07,2,60,31.14
2022-07-08,2,42,19.25
2022-07-09,1,36,15.34
2022-07-10,6,38,19.69
2022-07-11,1,27,11.58
2022-07-12,1,24,9.9
2022-07-13,1,18,8.38
2022-07-14,1,22,9.89
2022-07-15,1,18,9.17
2022-07-16,1,24,11.99
2022-07-17,1,24,11.06
2022-07-18,1,53,21.53
2022-07-19,1,60,24.86
2022-07-20,1,56,25.54
2022-07-21,1,58,27.0
2022-07-22,1,62,28.07
2022-07-23,1,45,23.78
2022-07-24,1,36,16.89
2022-07-25,1,58,27.27
2022-07-26,1,63,29.13
2022-07-27,1,65,29.56
2022-07-28,1,65,29.85
2022-07-29,2,63,30.36
2022-07-30,1,47,24.91
2022-07-31,1,38,17.38
2022-08-01,1,63,27.77
2022-08-02,1,63,29.97
2022-08-03,2,67,30.43
2022-08-04,1,67,30.19
2022-08-05,1,67,30.09
2022-08-06,1,49,25.59
2022-08-07,1,42,17.48
2022-08-08,1,62,28.79
2022-08-09,1,63,28.97
2022-08-10,1,63,29.5
2022-08-11,2,58,24.81
2022-08-12,1,62,28.83
2022-08-13,1,47,24.47
2022-08-14,1,36,18.12
2022-08-15,1,60,29.12
2022-08-16,1,65,29.74
2022-08-17,1,63,29.35
2022-08-18,1,65,30.35
2022-08-19,1,63,30.77
2022-08-20,1,49,26.37
2022-08-21,1,38,19.34
2022-08-22,1,65,30.15
2022-08-23,1,65,31.19
2022-08-24,2,69,32.95
2022-08-25,2,60,32.01
2022-08-26,1,69,30.59
2022-08-27,1,47,24.84
2022-08-28,1,36,17.53
2022-08-29,1,56,24.74
2022-08-30,1,36,18.62
2022-08-31,1,58,29.02
2022-09-01,1,69,32.04
2022-09-02,1,71,33.11
2022-09-03,1,56,29.28
2022-09-04,1,47,23.6
2022-09-05,1,69,32.35
2022-09-06,1,71,32.82
2022-09-07,1,71,33.28
2022-09-08,1,72,34.22
2022-09-09,1,71,34.6
2022-09-10,1,60,32.07
2022-09-11,1,47,23.21
2022-09-12,1,62,29.13
2022-09-13,1,67,30.97
2022-09-14,1,69,32.06
2022-09-15,1,71,32.79
2022-09-16,1,72,34.14
2022-09-17,1,58,30.86
2022-09-18,1,51,21.05
2022-09-19,1,65,30.27
2022-09-20,1,69,32.33
2022-09-21,1,71,33.47
2022-09-22,8,80,40.09
2022-09-23,4,71,34.55
2022-09-24,1,63,31.09
2022-09-25,1,54,24.04
2022-09-26,1,65,28.52
2022-09-27,1,69,31.94
2022-09-28,1,69,31.44
2022-09-29,1,74,32.92
2022-09-30,1,72,34.28
2022-10-01,1,63,32.11
2022-10-02,1,49,22.9
2022-10-03,1,74,31.28
2022-10-04,1,72,33.25
2022-10-05,2,72,34.69
2022-10-06,1,76,34.66
2022-10-07,1,72,35.1
2022-10-08,1,63,30.93
2022-10-09,1,53,21.97
2022-10-10,1,63,28.58
2022-10-11,1,72,32.0
2022-10-12,4,74,43.81
2022-10-13,1,76,34.01
2022-10-14,1,74,34.86
2022-10-15,9,74,41.36
2022-10-16,1,49,20.32
2022-10-17,1,69,28.73
2022-10-18,1,78,32.84
2022-10-19,1,71,33.84
2022-10-20,1,78,32.89
2022-10-21,1,76,32.16
2022-10-22,1,65,32.81
2022-10-23,1,56,23.5
2022-10-24,1,71,30.02
2022-10-25,1,72,30.9
2022-10-26,1,74,30.63
2022-10-27,1,78,36.39
2022-10-28,2,71,35.97
2022-10-29,1,54,26.74
2022-10-30,1,53,22.17
2022-10-31,1,69,28.46
2022-11-01,1,72,33.78
2022-11-02,1,72,33.36
2022-11-03,1,72,31.77
2022-11-04,1,74,32.73
2022-11-05,1,69,30.89
2022-11-06,1,54,22.89
2022-11-07,1,72,30.73
2022-11-08,1,76,33.34
2022-11-09,1,80,43.42
2022-11-10,1,76,34.67
2022-11-11,1,78,35.23
2022-11-12,1,65,32.39
2022-11-13,1,62,24.99
2022-11-14,1,72,31.62
2022-11-15,1,81,33.96
2022-11-16,1,80,35.85
2022-11-17,1,90,40.04
2022-11-18,1,76,33.66
2022-11-19,1,65,31.42
2022-11-20,1,54,21.49
2022-11-21,1,74,38.57
2022-11-22,4,76,35.72
2022-11-23,1,90,37.21
2022-11-24,1,80,36.98
2022-11-25,2,72,34.63
2022-11-26,4,63,32.16
2022-11-27,1,51,20.65
2022-11-28,1,67,28.37
2022-11-29,1,78,34.41
2022-11-30,6,74,35.42
2022-12-01,6,90,40.27
2022-12-02,1,78,39.89
2022-12-03,1,69,31.57
2022-12-04,1,56,21.94
2022-12-05,1,72,32.52
2022-12-06,1,74,34.53
2022-12-07,1,78,33.29
2022-12-08,1,80,34.6
2022-12-09,1,72,33.39
2022-12-10,1,63,30.12
2022-12-11,1,56,19.69
2022-12-12,4,72,32.52
2022-12-13,1,78,39.97
2022-12-14,1,80,32.77
2022-12-15,1,81,36.06
2022-12-16,1,78,33.93
2022-12-17,1,69,32.06
2022-12-18,1,58,20.71
2022-12-19,4,76,37.29
2022-12-20,2,81,37.13
2022-12-21,1,80,35.6
2022-12-22,1,85,36.35
2022-12-23,1,80,34.11
2022-12-24,1,67,32.6
2022-12-25,4,51,23.49
2022-12-26,1,76,32.83
2022-12-27,1,83,36.75
2022-12-28,1,81,36.14
2022-12-29,1,85,37.87
2022-12-30,1,74,33.68
2022-12-31,1,44,23.13
2023-01-01,1,45,16.93
2023-01-02,1,67,26.0
2023-01-03,1,72,31.37
2023-01-04,1,83,31.98
2023-01-05,1,72,31.25
2023-01-06,1,72,32.53
2023-01-07,1,62,27.44
2023-01-08,1,47,16.75
2023-01-09,1,69,29.26
2023-01-10,1,72,31.53
2023-01-11,2,78,35.94
2023-01-12,1,76,34.98
2023-01-13,8,81,39.55
2023-01-14,1,56,26.02
2023-01-15,1,42,14.41
2023-01-16,1,67,28.18
2023-01-17,1,76,33.12
2023-01-18,1,72,33.53
2023-01-19,1,76,34.17
2023-01-20,1,90,36.53
2023-01-21,1,65,31.72
2023-01-22,1,51,20.9
2023-01-23,1,74,31.14
2023-01-24,1,80,36.98
2023-01-25,4,81,39.28
2023-01-26,1,78,35.45
2023-01-27,1,72,41.8
2023-01-28,1,74,33.99
2023-01-29,1,60,25.74
2023-01-30,1,74,36.51
2023-01-31,1,81,39.9
2023-02-01,11,81,39.87
2023-02-02,1,78,35.38
2023-02-03,6,74,35.0
2023-02-04,1,76,33.66
2023-02-05,1,45,22.52
2023-02-06,13,67,36.87
2023-02-07,9,62,29.41
2023-02-08,11,58,29.18
2023-02-09,9,76,31.23
2023-02-10,4,69,28.13
2023-02-11,1,51,20.11
2023-02-12,1,44,15.47
2023-02-13,4,76,30.74
2023-02-14,1,78,35.11
2023-02-15,1,71,32.22
2023-02-16,1,74,31.35
2023-02-17,2,72,32.05
2023-02-18,2,60,27.26
2023-02-19,1,53,19.57
2023-02-20,1,74,29.4
2023-02-21,1,72,32.43
2023-02-22,1,72,31.84
2023-02-23,1,71,31.8
2023-02-24,1,69,31.54
2023-02-25,1,63,30.91
2023-02-26,1,49,19.17
2023-02-27,1,63,28.43
2023-02-28,1,74,37.74
2023-03-01,4,74,36.08
2023-03-02,1,72,33.26
2023-03-03,1,71,30.94
2023-03-04,1,63,30.44
2023-03-05,1,47,21.93
2023-03-06,2,67,28.96
2023-03-07,1,67,30.37
2023-03-08,1,74,35.49
2023-03-09,1,69,32.4
2023-03-10,1,71,33.51
2023-03-11,1,71,30.13
2023-03-12,1,47,21.17
2023-03-13,1,69,30.24
2023-03-14,1,71,32.47
2023-03-15,1,74,34.05
2023-03-16,1,76,38.13
2023-03-17,8,81,44.99
2023-03-18,4,74,29.97
2023-03-19,6,63,23.6
2023-03-20,1,74,31.97
2023-03-21,1,78,37.46
2023-03-22,1,90,42.32
2023-03-23,1,72,26.56
2023-03-24,1,78,27.01
2023-03-25,1,51,19.61
2023-03-26,1,44,9.33
2023-03-27,1,69,28.79
2023-03-28,6,69,35.64
2023-03-29,1,81,30.42
2023-03-30,1,78,22.92
2023-03-31,1,80,30.08
2023-04-01,1,67,26.44
2023-04-02,1,60,19.99
2023-04-03,1,71,28.77
2023-04-04,1,83,34.27
2023-04-05,1,81,32.7
2023-04-06,1,89,33.44
2023-04-07,2,80,25.49
2023-04-08,1,72,29.98
2023-04-09,1,58,20.91
2023-04-10,1,81,34.13
2023-04-11,1,85,37.35
2023-04-12,6,87,36.25
2023-04-13,1,76,22.95
2023-04-14,1,83,32.59
2023-04-15,1,63,29.08
2023-04-16,1,49,16.3
2023-04-17,1,74,31.28
2023-04-18,1,76,32.99
2023-04-19,1,69,30.11
2023-04-20,1,63,19.25
2023-04-21,1,80,33.51
2023-04-22,1,72,36.75
2023-04-23,11,58,41.47
2023-04-24,1,62,22.84
2023-04-25,1,74,43.48
2023-04-26,1,69,35.09
2023-04-27,1,78,40.02
2023-04-28,1,76,37.79
2023-04-29,1,71,35.91
2023-04-30,1,62,29.35
2023-05-01,1,51,21.63
2023-05-02,1,69,35.3
2023-05-03,1,71,34.97
2023-05-04,1,71,36.46
2023-05-05,1,67,33.65
2023-05-06,1,67,33.42
2023-05-07,17,69,42.38
2023-05-08,1,72,32.9
2023-05-09,1,74,33.17
2023-05-10,1,67,31.83
2023-05-11,1,72,33.32
2023-05-12,9,71,44.28
2023-05-13,1,63,28.5
2023-05-14,1,26,4.65
2023-05-15,1,60,22.88
2023-05-16,1,69,32.4
2023-05-17,1,72,37.21
2023-05-18,6,81,58.19
2023-05-19,1,49,20.32
2023-05-20,1,54,24.71
2023-05-21,1,54,24.0
2023-05-22,1,63,28.92
2023-05-23,1,67,31.03
2023-05-24,1,71,32.51
2023-05-25,1,71,33.39
2023-05-26,1,71,34.28
2023-05-27,1,69,32.69
2023-05-28,1,40,14.79
2023-05-29,4,63,29.66
2023-05-30,1,71,33.91
2023-05-31,1,72,33.63
2023-06-01,1,71,36.15
2023-06-02,4,67,47.79
2023-06-03,1,69,40.36
2023-06-04,1,54,25.7
2023-06-05,1,65,33.89
2023-06-06,1,71,36.01
2023-06-07,1,78,36.73
2023-06-08,1,72,37.32
2023-06-09,1,74,37.56
2023-06-10,1,71,35.66
2023-06-11,1,54,24.03
2023-06-12,1,65,33.03
2023-06-13,1,67,34.6
2023-06-14,1,72,35.94
2023-06-15,1,78,37.73
2023-06-16,1,71,36.32
2023-06-17,6,69,33.88
2023-06-18,1,53,24.49
2023-06-19,1,71,34.55
2023-06-20,1,74,37.02
2023-06-21,1,74,38.48
2023-06-22,1,72,39.19
2023-06-23,1,65,36.76
2023-06-24,2,47,33.11
2023-06-25,1,31,14.12
2023-06-26,1,31,13.34
2023-06-27,1,26,7.89
2023-06-28,1,36,14.1
2023-06-29,1,40,16.91
2023-06-30,1,38,15.19
2023-07-01,1,29,13.54
2023-07-02,1,24,8.65
2023-07-03,1,54,22.8
2023-07-04,1,63,27.04
2023-07-05,11,63,40.25
2023-07-06,1,67,31.13
2023-07-07,1,67,32.88
2023-07-08,4,60,32.74
2023-07-09,1,45,21.25
2023-07-10,2,63,39.47
2023-07-11,1,69,33.16
2023-07-12,1,72,34.56
2023-07-13,1,67,32.95
2023-07-14,1,69,33.5
2023-07-15,1,38,23.18
2023-07-16,8,38,27.32
2023-07-17,1,65,29.6
2023-07-18,1,65,30.8
2023-07-19,1,67,31.43
2023-07-20,15,69,42.49
2023-07-21,1,63,30.86
2023-07-22,1,49,25.3
2023-07-23,1,40,18.51
2023-07-24,1,63,30.43
2023-07-25,11,65,42.41
2023-07-26,1,60,30.29
2023-07-27,1,69,34.3
2023-07-28,1,65,31.03
2023-07-29,1,47,25.58
2023-07-30,1,40,18.26
2023-07-31,1,60,27.37
2023-08-01,1,67,30.56
2023-08-02,1,69,30.56
2023-08-03,1,65,30.68
2023-08-04,1,62,30.99
2023-08-05,1,44,24.03
2023-08-06,2,38,23.36
2023-08-07,1,67,33.8
2023-08-08,1,65,29.27
2023-08-09,1,71,30.03
2023-08-10,1,63,30.82
2023-08-11,1,62,31.51
2023-08-12,1,47,24.65
2023-08-13,1,40,17.83
2023-08-14,1,67,28.74
2023-08-15,1,63,29.21
2023-08-16,1,67,30.17
2023-08-17,1,67,29.8
2023-08-18,1,67,30.5
2023-08-19,1,53,26.77
2023-08-20,1,40,21.82
2023-08-21,1,65,29.63
2023-08-22,1,71,31.24
2023-08-23,1,67,31.67
2023-08-24,1,65,28.74
2023-08-25,1,69,32.2
2023-08-26,1,51,26.93
2023-08-27,1,45,19.68
2023-08-28,1,62,28.88
2023-08-29,1,72,34.05
2023-08-30,1,42,20.34
2023-08-31,1,67,30.34
2023-09-01,1,65,30.79
2023-09-02,1,54,28.05
2023-09-03,1,45,22.37
2023-09-04,1,69,30.77
2023-09-05,1,71,34.43
2023-09-06,1,74,33.54
2023-09-07,1,74,35.85
2023-09-08,1,72,42.71
2023-09-09,1,63,32.19
2023-09-10,1,49,21.12
2023-09-11,1,63,28.41
2023-09-12,1,67,32.46
2023-09-13,1,67,31.4
2023-09-14,1,67,39.36
2023-09-15,1,67,31.61
2023-09-16,1,62,30.65
2023-09-17,1,49,22.6
2023-09-18,1,69,30.21
2023-09-19,1,65,31.2
2023-09-20,1,72,31.68
2023-09-21,1,69,32.44
2023-09-22,1,67,31.82
2023-09-23,8,60,45.06
2023-09-24,1,54,22.97
2023-09-25,1,72,31.05
2023-09-26,1,72,41.04
2023-09-27,1,69,33.19
2023-09-28,1,85,36.63
2023-09-29,1,69,35.07
2023-09-30,1,72,34.55
2023-10-01,1,69,30.0
2023-10-02,1,76,34.66
2023-10-03,1,71,33.24
2023-10-04,1,76,33.72
2023-10-05,1,74,33.07
2023-10-06,2,71,44.12
2023-10-07,1,63,31.43
2023-10-08,1,56,24.33
2023-10-09,1,69,30.38
2023-10-10,1,74,33.68
2023-10-11,1,74,33.24
2023-10-12,1,74,34.39
2023-10-13,1,78,34.9
2023-10-14,1,69,27.77
2023-10-15,1,54,23.51
2023-10-16,1,83,36.1
2023-10-17,1,72,33.33
2023-10-18,1,81,36.63
2023-10-19,1,78,33.34
2023-10-20,1,72,33.76
2023-10-21,1,65,30.6
2023-10-22,1,56,24.13
2023-10-23,1,69,30.6
2023-10-24,1,81,36.62
2023-10-25,1,74,33.53
2023-10-26,1,80,36.01
2023-10-27,1,76,34.1
2023-10-28,1,62,27.91
2023-10-29,1,49,20.8
2023-10-30,1,74,29.85
2023-10-31,1,74,31.31
2023-11-01,1,76,32.68
2023-11-02,1,90,37.02
2023-11-03,1,80,34.83
2023-11-04,1,63,31.73
2023-11-05,1,53,25.27
2023-11-06,1,74,31.35
2023-11-07,1,78,34.33
2023-11-08,1,78,34.28
2023-11-09,1,81,39.69
2023-11-10,1,83,36.74
2023-11-11,1,80,36.96
2023-11-12,1,58,24.76
2023-11-13,1,83,41.13
2023-11-14,1,81,38.63
2023-11-15,1,87,38.85
2023-11-16,4,80,40.73
2023-11-17,1,78,35.64
2023-11-18,1,71,37.3
2023-11-19,1,51,22.56
2023-11-20,1,74,30.64
2023-11-21,1,80,35.83
2023-11-22,1,89,38.56
2023-11-23,4,72,37.85
2023-11-24,1,80,36.07
2023-11-25,1,71,33.19
2023-11-26,1,47,18.38
2023-11-27,1,74,30.24
2023-11-28,1,89,38.85
2023-11-29,2,90,47.0
2023-11-30,2,78,40.22
2023-12-01,1,80,38.43
2023-12-02,1,71,32.34
2023-12-03,1,58,22.72
2023-12-04,1,85,41.8
2023-12-05,1,85,37.95
2023-12-06,1,80,40.21
2023-12-07,1,89,44.56
2023-12-08,8,85,46.68
2023-12-09,8,74,39.15
2023-12-10,1,56,21.19
2023-12-11,1,74,30.78
2023-12-12,1,76,32.96
2023-12-13,1,76,35.12
2023-12-14,1,81,35.81
2023-12-15,1,81,37.74
2023-12-16,2,74,39.07
2023-12-17,1,53,21.44
2023-12-18,1,74,32.37
2023-12-19,1,78,34.82
2023-12-20,1,83,37.19
2023-12-21,1,83,40.62
2023-12-22,2,89,40.33
2023-12-23,1,67,29.95
2023-12-24,1,53,19.16
2023-12-25,1,74,30.88
2023-12-26,1,78,36.42
2023-12-27,1,80,37.52
2023-12-28,1,81,38.72
2023-12-29,1,74,36.9
2023-12-30,1,62,27.08
2023-12-31,1,40,10.87
2024-01-01,1,45,15.4
2024-01-02,1,80,32.64
2024-01-03,1,71,39.25
2024-01-04,1,76,35.05
2024-01-05,1,74,33.65
2024-01-06,1,62,27.05
2024-01-07,1,44,19.69
2024-01-08,1,78,34.31
2024-01-09,2,87,46.07
2024-01-10,8,83,42.83
2024-01-11,1,69,30.53
2024-01-12,1,83,35.08
2024-01-13,1,56,23.62
2024-01-14,1,63,18.28
2024-01-15,1,72,30.28
2024-01-16,1,80,37.38
2024-01-17,1,78,33.67
2024-01-18,1,78,36.5
2024-01-19,1,78,37.18
2024-01-20,1,76,38.81
2024-01-21,6,63,24.95
2024-01-22,2,76,34.91
2024-01-23,1,83,38.93
2024-01-24,1,89,42.26
2024-01-25,1,81,42.35
2024-01-26,1,85,40.54
2024-01-27,1,71,35.46
2024-01-28,1,56,26.19
2024-01-29,6,81,42.35
2024-01-30,4,76,40.8
2024-01-31,6,76,39.14
2024-02-01,1,80,36.12
2024-02-02,1,80,36.69
2024-02-03,1,69,30.54
2024-02-04,1,60,26.59
2024-02-05,1,72,31.71
2024-02-06,1,81,36.61
2024-02-07,1,78,35.43
2024-02-08,1,72,35.25
2024-02-09,1,78,36.73
2024-02-10,1,67,32.82
2024-02-11,1,53,21.97
2024-02-12,1,81,34.73
2024-02-13,1,74,36.54
2024-02-14,1,85,39.59
2024-02-15,9,87,46.28
2024-02-16,6,72,39.83
2024-02-17,2,67,33.26
2024-02-18,1,49,19.27
2024-02-19,1,71,30.62
2024-02-20,1,74,35.36
2024-02-21,1,72,36.62
2024-02-22,1,76,36.3
2024-02-23,1,74,34.91
2024-02-24,1,69,34.03
2024-02-25,1,54,23.97
2024-02-26,1,72,32.28
2024-02-27,1,76,35.13
2024-02-28,1,72,34.74
2024-02-29,1,78,36.48
2024-03-01,1,74,35.54
2024-03-02,1,67,31.91
2024-03-03,1,65,22.73
2024-03-04,1,71,33.04
2024-03-05,1,85,38.76
2024-03-06,1,80,38.59
2024-03-07,1,81,39.11
2024-03-08,1,90,48.38
2024-03-09,1,72,33.59
2024-03-10,1,54,21.09
2024-03-11,1,74,26.72
2024-03-12,1,83,33.61
2024-03-13,1,71,30.07
2024-03-14,1,76,29.65
2024-03-15,6,72,32.33
2024-03-16,1,58,21.12
2024-03-17,1,40,13.69
2024-03-18,1,78,28.2
2024-03-19,1,80,30.28
2024-03-20,2,81,36.91
2024-03-21,1,85,32.99
2024-03-22,1,76,32.14
2024-03-23,1,71,26.34
2024-03-24,1,53,18.03
2024-03-25,1,83,33.95
2024-03-26,1,78,31.25
2024-03-27,1,62,27.71
2024-03-28,8,81,42.07
2024-03-29,1,81,33.86
2024-03-30,1,63,26.1
2024-03-31,1,56,10.61
2024-04-01,1,80,28.64
2024-04-02,1,83,32.31
2024-04-03,1,80,34.51
2024-04-04,1,80,37.68
2024-04-05,1,78,36.4
2024-04-06,1,62,25.38
2024-04-07,1,29,11.63
2024-04-08,1,60,16.83
2024-04-09,1,40,11.3
2024-04-10,1,67,32.02
2024-04-11,1,71,33.69
2024-04-12,1,53,24.84
2024-04-13,1,44,20.16
2024-04-14,1,35,14.22
2024-04-15,1,60,25.47
2024-04-16,1,63,32.48
2024-04-17,1,69,34.5
2024-04-18,1,71,34.8
2024-04-19,2,83,43.08
2024-04-20,1,71,37.4
2024-04-21,1,51,21.82
2024-04-22,1,62,30.27
2024-04-23,1,49,20.1
2024-04-24,1,69,34.13
2024-04-25,1,72,35.36
2024-04-26,1,71,35.84
2024-04-27,1,71,33.02
2024-04-28,1,58,26.06
2024-04-29,1,71,33.12
2024-04-30,1,76,38.2
2024-05-01,2,44,20.77
2024-05-02,1,76,34.83
2024-05-03,1,81,37.81
2024-05-04,6,65,32.84
2024-05-05,1,58,24.57
2024-05-06,1,67,33.11
2024-05-07,1,72,35.69
2024-05-08,1,72,35.31
2024-05-09,1,76,36.49
2024-05-10,1,69,37.21
2024-05-11,1,71,33.99
2024-05-12,1,67,29.09
2024-05-13,1,74,33.43
2024-05-14,1,67,33.44
2024-05-15,1,72,33.84
2024-05-16,1,72,33.84
2024-05-17,1,71,31.68
2024-05-18,1,67,33.75
2024-05-19,1,56,21.42
2024-05-20,1,67,30.87
2024-05-21,1,69,34.12
2024-05-22,1,71,34.77
2024-05-23,1,78,36.56
2024-05-24,8,69,37.77
2024-05-25,1,69,35.35
2024-05-26,1,54,25.35
2024-05-27,1,71,32.9
2024-05-28,1,67,33.37
2024-05-29,1,72,35.18
2024-05-30,1,74,36.75
2024-05-31,1,69,36.02
2024-06-01,1,67,34.22
2024-06-02,1,49,25.03
2024-06-03,1,71,35.75
2024-06-04,1,71,38.22
2024-06-05,1,76,39.96
2024-06-06,1,74,41.25
2024-06-07,1,72,40.43
2024-06-08,1,71,34.06
2024-06-09,1,49,24.74
2024-06-10,1,71,36.86
2024-06-11,1,74,39.56
2024-06-12,1,74,41.02
2024-06-13,1,78,42.86
2024-06-14,1,62,37.62
2024-06-15,1,35,17.35
2024-06-16,1,38,17.87
2024-06-17,1,38,18.07
2024-06-18,1,27,11.99
2024-06-19,1,27,11.44
2024-06-20,1,24,10.81
2024-06-21,1,58,11.95
2024-06-22,1,62,13.64
2024-06-23,1,26,11.09
2024-06-24,1,65,25.18
2024-06-25,1,67,31.87
2024-06-26,1,69,32.14
2024-06-27,1,67,35.06
2024-06-28,1,71,35.87
2024-06-29,1,72,34.35
2024-06-30,1,69,21.57
2024-07-01,1,69,34.87
2024-07-02,1,69,33.51
2024-07-03,1,71,34.91
2024-07-04,1,76,37.27
2024-07-05,1,71,34.62
2024-07-06,1,56,26.57
2024-07-07,1,42,21.04
2024-07-08,1,62,31.37
2024-07-09,1,69,32.27
2024-07-10,1,67,33.75
2024-07-11,1,67,34.4
2024-07-12,1,65,34.52
2024-07-13,1,47,26.75
2024-07-14,1,38,16.77
2024-07-15,1,33,17.12
2024-07-16,1,69,30.35
2024-07-17,1,67,31.21
2024-07-18,1,67,32.78
2024-07-19,1,69,33.91
2024-07-20,1,51,26.81
2024-07-21,1,42,18.86
2024-07-22,1,65,31.11
2024-07-23,1,69,32.53
2024-07-24,1,67,32.71
2024-07-25,1,71,34.11
2024-07-26,1,65,33.67
2024-07-27,1,51,28.27
2024-07-28,1,44,20.03
2024-07-29,1,67,30.7
2024-07-30,1,69,34.96
2024-07-31,1,71,32.97
2024-08-01,1,69,33.34
2024-08-02,1,65,31.98
2024-08-03,1,53,26.11
2024-08-04,1,38,18.28
2024-08-05,1,63,29.5
2024-08-06,1,65,29.61
2024-08-07,1,62,28.18
2024-08-08,1,65,37.63
2024-08-09,1,63,29.83
2024-08-10,1,53,31.02
2024-08-11,1,40,20.67
2024-08-12,1,63,29.0
2024-08-13,1,69,30.8
2024-08-14,1,67,30.57
2024-08-15,1,72,34.5
2024-08-16,1,67,31.81
2024-08-17,1,54,27.58
2024-08-18,1,40,20.31
2024-08-19,1,63,30.75
2024-08-20,1,65,31.55
2024-08-21,1,65,32.4
2024-08-22,1,67,32.21
2024-08-23,1,65,32.63
2024-08-24,1,53,27.57
2024-08-25,1,40,20.05
2024-08-26,1,65,29.15
2024-08-27,1,69,33.41
2024-08-28,1,67,32.16
2024-08-29,1,72,35.14
2024-08-30,1,62,23.66
2024-08-31,1,51,23.56
2024-09-01,1,42,21.91
2024-09-02,1,69,31.36
2024-09-03,1,72,34.24
2024-09-04,1,72,35.14
2024-09-05,1,76,37.32
2024-09-06,1,72,36.48
2024-09-07,1,63,33.51
2024-09-08,2,47,26.6
2024-09-09,1,63,31.73
2024-09-10,1,69,33.66
2024-09-11,1,69,35.6
2024-09-12,1,72,36.27
2024-09-13,1,72,35.41
2024-09-14,1,65,34.76
2024-09-15,1,65,26.89
2024-09-16,1,72,33.52
2024-09-17,1,78,37.4
2024-09-18,1,72,34.2
2024-09-19,1,72,35.06
2024-09-20,1,74,37.04
2024-09-21,1,63,33.96
2024-09-22,1,56,25.52
2024-09-23,1,74,33.43
2024-09-24,1,72,34.23
2024-09-25,1,74,35.64
2024-09-26,1,80,36.4
2024-09-27,1,74,36.21
2024-09-28,1,71,36.05
2024-09-29,1,58,28.69
2024-09-30,4,71,38.1
2024-10-01,1,74,34.69
2024-10-02,1,71,34.02
2024-10-03,1,76,35.36
2024-10-04,1,72,36.13
2024-10-05,1,67,35.42
2024-10-06,1,58,27.28
2024-10-07,2,71,35.54
2024-10-08,1,80,37.63
2024-10-09,1,78,36.55
2024-10-10,1,80,38.15
2024-10-11,1,80,37.27
2024-10-12,1,83,37.55
2024-10-13,1,58,25.5
2024-10-14,1,72,32.72
2024-10-15,1,78,37.13
2024-10-16,1,80,38.56
2024-10-17,1,80,40.65
2024-10-18,1,9,2.23
